"HolderAddress","Balance","PendingBalanceUpdate"
"0x000dacc92445cd8a202a7d1fff7169472463a5c3","1.58543133704979","No"
"0x002199829c36766f7012cf741fc3fa85bebdc627","0.196244776507453","No"
"0x010da5ff62b6e45f89fa7b2d8ced5a8b5754ec1b","0.00290885639041215","No"
"0x0122c76f46c1f07406f2f6c33b6b9a746fe5856f","0.0107307853013641","No"
"0x013d2e4557e355707bc33ff6f759e57c042b1919","0.437858422159704","No"
"0x0160b5ebe4fd76c3b2dcebfae022034ea3c7a687","0.0534111894992413","No"
"0x016c3e93ce95b88fd33c1eecac7eeaf5a6ced82e","0.124662605790108","No"
"0x01deacdb4a4df13247f056e264d3b5a84229e76e","0.107236917898044","No"
"0x0228d303473dba1d64a1ebdf22ffa011408bf93c","8.25838212827914","No"
"0x02bc18fb112d527d5179999bdbeb972924833560","0.628720486949924","No"
"0x030138d2f5f2757daae2fbb8dfd18870ea908881","0.645251801313347","No"
"0x033c9253c879131541a1c3962adde978c713a758","0.434429018045591","No"
"0x039b0e419c843a76078ee59d05490a0e3325f722","0.561989139778889","No"
"0x03a738d1a82195706039f21c4cb2530f2770741e","0.0168172391726092","No"
"0x03d3f44437e37fea9042454626654037d23af9cb","0.0031285746064482","No"
"0x04549570d2af19849ad95ff50cdc6aa6c4103a4d","5.3570518864312","No"
"0x045b52807dfa9286d37c08b1d12f36ba53d11f1b","36.4436982775335","No"
"0x04ea06e57cda74b7a138586eb57e12387879e34e","0.961829733579162","No"
"0x0500305cad17e399393ec6bce08e89538a04e329","0.16841653739357","No"
"0x053ac328a48f875494e39b4bfb00c2b3466fc419","0.00802326138451129","No"
"0x05465b6a4986d589612abfc8cc93a11a9fabc112","0.524600615880017","No"
"0x0563ab7bb8e5ea5fff8c959cfd2e0c8f09d75232","0.375255377184751","No"
"0x05745ca3ac6ffcb336fcf57e270e67a5ecf06175","5.33594851018879","No"
"0x059eddf11bc34eaecfa44aab629e78283e277cc2","0.0127382552945982","No"
"0x05e9c7b1d2080c174153eaebd3d427c414c71f0f","0.672436796678179","No"
"0x0723ff2d0f410319cafb6627e97a55d8ac17077f","0.536610037021674","No"
"0x07882471821a803ea3b38ad7a9f220e116dc42bc","1.02914201693276","No"
"0x07a42d1cd88b376f560951bb38ed51cd0f72d83c","0.0158330523473658","No"
"0x07bb41dbf8bfeb0b509e3a2ad4b83a43ed89256c","36.1663760352823","No"
"0x07c3830075ae563eb66204a72ea118b00efdd58e","0.196080074912412","No"
"0x07dbaeb4b8ee9e272774138fc076c539ad402f5b","3.14477334831369","No"
"0x0803071e0178d4da4da7871db87e6517376eaf27","0.000898402836659949","No"
"0x08a71d07f0da94efd41d79ca36d75dde9059f2f3","8.06851001507595","No"
"0x08c1fef0d329c130b8ebf89c6dcb1d68f05c0b97","6.8056440846506","No"
"0x08cae8e00c409dcf06b55fc8b6e7bf8f9d7a98c4","0.0622578571232971","No"
"0x0964825cb9f0437545481451ffa26f4f6d3f8b5f","0.116079097077455","No"
"0x0979f650741a26b724d4ffb5fa1923528965ee35","6.64609880046906","No"
"0x09a2650f2cbedebf3bec9bf12b48a8fa2de2bee3","0.528184268088817","No"
"0x0a49f8aa0bed9c2ce5f533ee6bc31cb4d74d726d","11.3275471986936","No"
"0x0a535d55e5659ab96aa812f4e6818c5c696a7fc5","0.00464788113461137","No"
"0x0a6f0ed4896be1caa9e37047578e7519481f22ea","0.103268579250131","No"
"0x0a70832b05fbf40cdeb57202559f4e88fa1aa606","0.00867173617844125","No"
"0x0a85b8fe8d71275174d7dc2fbc0589cb8dc166cd","0.0322181711660932","No"
"0x0acef1574ea3d4188adeb8f33eee182a5b78dc97","0.168813657888228","No"
"0x0aff1ef54bc1da7a149ac31404021b96fe5da7f8","0.380566021365354","No"
"0x0c29e4841f5855ee81151ac2d82a9c5c85723f70","0.0655864221709668","No"
"0x0c5be0fafb847ed3ba7f346a50f94d4caa7b240f","0.473350140087498","No"
"0x0c5f5b05a6c744b6ae7440ebdd3212fdb3563542","6.0678609147136E-05","No"
"0x0c827dedb26b871831f4bdd66836c04d6a387061","0.157454038024002","No"
"0x0c8c929a553faab0c7494e8e8f0e845a22c68f16","1.04914795007988","No"
"0x0ca9886ea8ad8ddc77b554ede5eb2fabb5027365","0.0607323274552485","No"
"0x0cab0743d88a4e67a2777f58744d699ce583f7f1","3.2457014008667","No"
"0x0cd87515f634e98a6b8c578faa4c6285db080bcb","2.03718155143797","No"
"0x0cf975f07cdfe9bf8fb3887b46d2928f0a4177df","0.286190869281208","No"
"0x0d281edc38079a4ecb0abcb81c6243f4c1c9f262","0.100224801145452","No"
"0x0d91cdd350e3b3468b3e2c8eefc211eb43b80510","1.61990884238173","No"
"0x0d96c02b9839af4616cdb3baa3f9a30c799a73d9","0.0233352174351286","No"
"0x0e26b49f444e7df0cee9209b44d9d550b6aa5c87","0.688747869477924","No"
"0x0e500be6c616be20e61249b249f52633c750823f","1.06302678538662","No"
"0x0ea1970911d3907d1f45eeb6afc68deba12037b8","0.0261135941104241","No"
"0x0eb69d54d39931226382f12bfd5ef8b5b41847a4","0.111857807497545","No"
"0x0ebf6ae91d74e8ff4a10904dff19ff6548a074e7","0.308431057660804","No"
"0x0ed9aabdcfd0a73ed061851deff3c34cc8d6c171","0.000269214123593935","No"
"0x0ee9495dd53dcee94828204f6a35b2cdfa9ba976","15.479631407075","No"
"0x0f243db4c6951b30821496b7dca7290886bc8c06","0.00176504526554055","No"
"0x0f2713759648dfe899ce76b30394bb15fd3e20e1","6.50800190763081","No"
"0x0fedb1f6406314d91ce594642fae15bd5981f2d2","0.0041688252255088","No"
"0x10964f17a61c24fe97585015b4b503475d10c1e7","0.010647313361711","No"
"0x112b537b7248bde360db2dbb089e82571529f0a5","0.911930102599285","No"
"0x1131ebb247beb7ad23951be992676e7bc2da16b9","0.0892986181889842","No"
"0x11726e5253da54f192dcbd81aaa41a8870986f96","0.00251369456863251","No"
"0x117d17966d339b329c15fd8fa64ab72a4987f57a","0.110072972053916","No"
"0x11a5d51c5b8aeed7feaa9d7015b57db4e7ef8853","0.0625330767790483","No"
"0x11b849bede7f32983264c7c29be1a1df225903c6","0.0731936835854686","No"
"0x11c408b306a6d825fcf1be442dfeb19c9130c364","0.711982788709822","No"
"0x11d2807c92c3c97b88febd301fe63aac8fd2a557","0.179146427033792","No"
"0x11d5752c836ddeb31334fad2aed221dd8e3838ba","0.0635525900253961","No"
"0x12372ab9820eb409162ce7425c789968a2247307","0.385117224678447","No"
"0x129381f3cd67e31da6b4c3522a767df807b8c201","0.574708686103428","No"
"0x12abe44ca3698a5d94d83645c8424052aec19471","0.549672560339601","No"
"0x136307a960d405c2151e35b28f578115d510515b","0.0876657732601747","No"
"0x13a2c6e9219565ac20880095eb834919ff7e2951","0.148114526280842","No"
"0x13e18b93d6a3adf852cf9da3308b4e6df10add3f","0.073285270620433","No"
"0x142c87a5dd16e95817db6f0ce953ecb5e48eaefb","0.656138771285354","No"
"0x143d3d4a812b1ad81f2e9242184ef423317e270a","0.108212115404237","No"
"0x14ca0bca067059b65912eec798f79f38be981c0c","1.6703022741591","No"
"0x152433459198ab200eba12f1ea6afbac199cf6f2","0.0490428126326651","No"
"0x1564d01f21549f8339e7566d1dfb809bc7ced3da","0.801901881345199","No"
"0x15b9f1608a170b30bdeff661e5d0584302701c23","0.395081246263147","No"
"0x15d3e59c69bd04182e15465192202995d7d4007c","0.222640094994988","No"
"0x16799e6ac22cfb409d25df56e0f09c0d0ed62b4f","0.0145308487019945","No"
"0x16a4af63b9fc0af1f92bdca9815f54b9f1936632","0.106155738895006","No"
"0x16c421959265158e27b4b62867cb0d8b00dcf194","0.00724076138717235","No"
"0x1703e33e3c0b3f8cb0b614d8a623345c4053ceab","1.33401458774499","No"
"0x1775cfac539cd5a42ddbda911d823add51de0f6b","0.0224451583817507","No"
"0x1778da84a0580e6ee14a31f2255ca55ebe5b4094","0.00310179655799757","No"
"0x17805d5714cfa924ec8211e5e4c2b778272ee534","0.0656895108331305","No"
"0x1805de850c478769860504978770d9afbf082071","0.631354400905058","No"
"0x188f82ae4299d6714aef759676da8ed2d243e0af","1.05356749607059","No"
"0x18913656c387613f6d0a1bff7365c335c0069e69","3079.95128795344","No"
"0x18ac0d187b35512f804fb5450cb9dfed6ba99bb8","2.68707993875726","No"
"0x18bc5ea91adf24ed4cd4b5c33e9d0c5f0342dae8","0.000161639892768143","No"
"0x18e72617208b85f589cb5e273488832cacf30acd","0.310155553066196","No"
"0x18ef40386bae4bf3aeca388d5610861fe1869f25","0.258527998217073","No"
"0x190c552d80b952c025ff93761717277f19b200a8","0.535993919747417","No"
"0x19188cc1b61a3cefcb20f242634a9b8437e9f2fb","0.897726556469476","No"
"0x192ed581604993276580c55aff670cb05540c610","0.020542651368362","No"
"0x1935532691f887b5aec7eba6cc5fdda948dc38c0","0.494376343344161","No"
"0x19614b976c09bfbac1e4de9e45f57a8ab9cf3f60","0.525132478896576","No"
"0x19cb5aa7e487cc4540fb0146a71ae803f37a0b9a","0.272049122708018","No"
"0x19df7c2ac44d4e9765c3f61c3761ffa7a6379c4d","0.00295007639859653","No"
"0x19edd34310766c92c0a45ec9b99eecec320c3b28","0.0135981549836918","No"
"0x19f3aa7e9d6c30cd70f7ba36f06c04be403195c9","0.0909753304159319","No"
"0x1a05d9baa60056be77638908f997cd63c485a6e5","0.156108103797695","No"
"0x1ab2fe299e3c8f85234317382a07bec9c0a09863","0.827560573325594","No"
"0x1b42ee4fcded7479a0f826b700b684c5b46bf810","0.0374510928539145","No"
"0x1b6242eff17df6e785dbab2451d061796e7e1f3c","0.934484944442057","No"
"0x1b6eeb96ce6e94fc5a7dcd0e2896f714eb015459","13.5180778332812","No"
"0x1b7e2c59c68c6cc8e2c186ab779cffff3f4d67db","0.00215214680388257","No"
"0x1bab17d098d0e256f1ca4042c3a644babcf32f95","0.156835381865485","No"
"0x1bb8389b503f42bdd710fe62c23c59e8a7215b49","0.370740137889715","No"
"0x1c30431538e7bc6def345c1f165d2013f99bc850","0.244889212559104","No"
"0x1c957e9ccad3a1768305f3402c1a01c8e46cbaf3","0.0282341751421603","No"
"0x1cd6ce5d144f70d5332cc49b45f6f64cde4027ce","0.0520238614822697","No"
"0x1cde21becb29c5c92182cf798e594674053d6e90","1.7752494E-11","No"
"0x1d2c551d708ffc817e1b6e68935ae93735a73a66","0.000973548766447696","No"
"0x1d4cd345c15d0b07c84429a9da205174582bb9b1","0.312382640061991","No"
"0x1d5d911ebcdb14325989dd46ecee80c89cda008c","0.384709759981164","No"
"0x1d63cdd8239aa6115ed087e3bc00606ed151ebd3","0.918854807094293","No"
"0x1d93253f99e83cfa187f7adeeceadd846f7eb934","0.00101427826507239","No"
"0x1dc12ee1530450a750ad0af2bd3bdf456fd3c1a6","0.628261456437411","No"
"0x1e1bd10bc1a59c647a1a6377ff063148b6f9aaaf","2.6119814178609","No"
"0x1ebb73f5f47bcc3d7dc1dabf7284875e3ae40e07","0.0274574442119603","No"
"0x1ef4b5bea4228c9191eee91181bb7f99cf01895c","0.049734534311878","No"
"0x1f32f3c8b28b7b94f0160da9fb7ba86470bd0f07","0.186860464984392","No"
"0x1fe7625480d31ffc055cba3fec8e6c0f02bb30ac","0.0276796399980303","No"
"0x200ad40f9d724b2a0e152a044a91659af2d26a95","14.2479447768261","No"
"0x20108624b2745c3d10f5230724e8b3887a8be24e","0.269818401109656","No"
"0x20c2632f0039f19fc2364a52ccb6a697e80448b7","0.324938821931463","No"
"0x20c4255bca995568e24d92c4736fba81f2a06e07","6.42277928884608","No"
"0x20cc70c03dbc0dc39bea1d5589fa3befcca9d4fe","0.129647908324456","No"
"0x210b852500bfe7d2623b00f7ca71d186568222db","0.65488011309051","No"
"0x2125b1c907991ff9c4e3c00873495cff5e62f032","0.57789121895365","No"
"0x21f4f03b412a797203100bb5053d0ac400a9cfd4","0.0182397616045244","No"
"0x222b38fec42183288d752ed2926a142eec655967","0.0301529853194072","No"
"0x2339ce9c97fec7b5e7ea9e299ea3144438c9416a","0.273624467006341","No"
"0x23526be7a3e797988f77070e0a4d86f966cf56c3","0.783202727778114","No"
"0x2376785a24446c28e337ae716db0554e731dd41d","0.0157356971228475","No"
"0x23a555d65202438e4ab65589063e3cf92fe7992c","0.0020484905143932","No"
"0x23ae80a0e7c08fb2bba81cb1788235645135e2dc","7.87589986974208","No"
"0x23b88a2399741df81c85b26216257a81033b85a7","0.205297544128427","No"
"0x23dae77c9d2174d4e20666bf1790e3990ebf5c2e","0.0089848036785163","No"
"0x2406dff3e88eaec9c916af9438d84345d8e7edcf","0.0219420288819684","No"
"0x240b41b4c3469ed0389122a3d4e58e5688c04872","0.00313519225074643","No"
"0x241ce92e0466d0698fa16bd681c8118af30a2794","0.00527281326194748","No"
"0x248b007f76e7616791b8fe278c93096ddcf67f25","0.519287290296727","No"
"0x24eb7162d8567452a045356bb8d82b26195f011b","0.000163810795049757","No"
"0x250544ee417d2877e9453133db61189a89243318","0.265400010759342","No"
"0x25448e4f43b35bc7566ac2d160ceb73a058634ac","5.35891354485992","No"
"0x257a9234c5ad08a2f04a2f01d38057079f90a7cf","0.0638832370646738","No"
"0x25f971dd8fb131058e17d90f5364fe8c647dc04d","0.0535191414262228","No"
"0x268a81b06e0f6c72fd2aa75909bda1b4b4a67fe1","1.60307475231088","No"
"0x26ad261e11635cedaa7827552f36f2ea596bf979","0.950972670652416","No"
"0x26eb90e5ffc99415ccbd8d0819812c817d11f2aa","0.0424960505448678","No"
"0x26f65b0d26aad76b39da8d31ae7f26492efc6821","0.0958253731112575","No"
"0x270b01c5fd34db3978acd3ca5edf3ded9b851226","0.0107843998115229","No"
"0x27390d3d4bcd77a5e0025f07090492701adada74","0.0727363597103763","No"
"0x27b311707bb405cd590bcd6301f78e0c44fbeed9","0.0895758096572059","No"
"0x27be67f7eed685e4ebe96e0b0de08a9f30b8b8d2","0.00569340338410083","No"
"0x27c7a10a4c05db859e0097f2e64b6e969b598ce8","0.187986088229939","No"
"0x2821dd3439216e0e6c1adc9104e8232233a40863","0.20889032730643","No"
"0x286fb8a680523e34e528fbf7f81ef201925175ad","0.0791104779730485","No"
"0x2877464b193ed9e977ab21a8b6ea474ffa34584a","0.534315770361635","No"
"0x293c4466be62be8d6b25bd427e04833681ce5fff","0.0750119547162992","No"
"0x29671580fe09898305ad6750484301f152f09679","0.00375522798489735","No"
"0x2b5ad8eb9df46b631486b0660f5567b70a9c154c","0.095442611392135","No"
"0x2b7da428dd7ee3e8d39938bacbc3101b2389ebdc","5.94249179528431","No"
"0x2b850f88e182ccf32e45d0f106f8e32ef9501b3d","0.00753809066807478","No"
"0x2bae72dab24e5c1954053b6b3d8d0d158d9f455e","0.0544816000754009","No"
"0x2c0350a20470d0fe6eeafcd8a4cc344b3c51e41a","0.0293479379736944","No"
"0x2c67f96907a582d0f9bd64c1d8200a898e603b93","1.2668145189211E-05","No"
"0x2c7f63bb015ab806982a9cd2c113baeb77de19d3","0.107115328601685","No"
"0x2c9af3672221a46d2af40c296d6c373a9212400a","0.0115598167860877","No"
"0x2ca5b2dbff2843590a180d7d03f733ca5980dc86","0.103852007767457","No"
"0x2cc3b8cec86da6d223be50cebb84f9a1a00eff9b","0.00244778515020271","No"
"0x2cccd5b7c4ea61cc0bb689b227374d9154ba3a50","10.3835174103306","No"
"0x2d15a6dae1389870edf23b2cf1d5ca6162016ceb","0.237736564772848","No"
"0x2de56931eedabffc7aec15b60dccf561626ae1a9","0.435167394278873","No"
"0x2e351d3c3f130741163a30cace0a5f176d16e139","0.0625781530110359","No"
"0x2ebfbb3824f3fe4ad8475dcb7a024d957d7bacd9","0.467351753449417","No"
"0x2f0db3287ac14be6f714acae18149a1273683d18","0.108582495494719","No"
"0x2f8170482af9cf6a09819bcffffab43aa2b6a723","0.29129379660391","No"
"0x2f8ec97a77b3a0f8bfc011adb86353b2d8211bf1","0.0904611063806338","No"
"0x2f91de7942b7cffaeceb945e803905fbb964f381","0.537647901023167","No"
"0x2fab4b450f31f99b44bcff8515bb09417d4bba0f","0.350508041350473","No"
"0x2fc5dfef6345e2b36735893f861766657ff5ceb4","5.33092673067101","No"
"0x2fd409de4df7a01f51de24b23253b5a862060062","7.61991833741615","No"
"0x2ff32959203631e05c21a7d63ba606154230a0ac","0.076059416135125","No"
"0x30a6a0931195ec35aeea531e74015a959ca73f9e","1.47918324199365","No"
"0x30f5b06a993cebfe84f0702cab24af5e0807bb25","0.0442943626319361","No"
"0x30f60e23cc85648f42d7b984c9e9a5847b7aee3c","0.0404018637743945","No"
"0x31009e205f1c024e43b79c67428a4fc7356a627c","0.00220083152577584","No"
"0x31426feb31a80bdf5ebf7150ddb1e437a3d2346f","0.00852508159530536","No"
"0x3169233e58ec105e33a88fe21379188ef17570fd","0.355105161351593","No"
"0x31b1d787455a86c1b3b266fd1aa69bcce8a4ce56","0.054805764684033","No"
"0x31d1306966907790da423534af1ca7239d22de6c","0.0296639029361443","No"
"0x31e119324d518670717e445706e3ee616227e754","0.650550131393219","No"
"0x31fa713ab0feb8506f0c2d61f79bb50228e4ad04","0.00289915458226795","No"
"0x3200cccd9e651fb04e3a175a241263c71e305850","0.166721011751085","No"
"0x324573b9245a21a8c917467fb1576d7093cd1fa9","1.82487541554032","No"
"0x32d29e78825505dd222e70b06013ec2fd27bddd8","0.236384330367502","No"
"0x32ed9250172de5a84a9191985a8a4bd212642d1f","0.226333732579245","No"
"0x3332ff23cef2f285b98d765492cf65d46445d443","0.00218542911589478","No"
"0x33414f9bb212075d5345eaa5173494dd2775115a","0.0203051433378507","No"
"0x335c073bd67f0d426c4137ce6881b94b11fb7abd","0.105770638781541","No"
"0x337fe9c2f13533834dcff824eeebfd3590819d16","0.212859296137131","No"
"0x33aea8f43d9685683b236b20a1818afcd48204cd","0.639202126668228","No"
"0x3433f0043f89f4b908bf4ab38d556ecf2b64652d","0.128561461544048","No"
"0x348d3f0d21e85c12377e2bed027119d4795955e9","0.0569404578813295","No"
"0x348de0f3ea32808145b4d88f4a1abab387eb8dcf","0.0864811607362347","No"
"0x34a1f465e1730790296da9d7c22ce651b64bc091","0.0268346880895962","No"
"0x34a21c7de81b55f0960064d7591f838056d8282c","0.837082123790488","No"
"0x34a68c1030927f2b6ceaeeaf36c17094090163dc","0.0143788525790731","No"
"0x34b02cbce1f6efb0c4917a8548cdd61364662b09","0.000229783129996228","No"
"0x34ca844ec08bbe4f2012b420569784fe605e2518","0.155256891916696","No"
"0x3543f51b35bf8cadb083529f7d1c49f6340b1aa7","0.252388974284698","No"
"0x357cc01ebd7503cee2fb113e08f1da103ba053df","0.177251692052601","No"
"0x35df2aedff51113e723048fa40e3b6691286e47a","0.602584897460088","No"
"0x364abc32aaddee7e82416bb15d9d764ad373f17d","0.124278705985084","No"
"0x366ee944672c29e4e9360e21bf39df754f1e8edd","0.0105034493340778","No"
"0x36704f3e7e31d2bdf03084be6b69dccf20b553fd","0.0219027928702435","No"
"0x37236a82ef8c6b3bd02033caea53edbfd9763817","0.210499295542556","No"
"0x374862a8457486f3062dce4330e14acdb2d4a2c7","0.00554362693254906","No"
"0x376c575d687bfede467f6169aa4c467cc57ad983","0.157544616595145","No"
"0x37e06ba4b0403d33bbabafd63662b1f0fbfdf2cd","0.550139127718437","No"
"0x38083e2fc384a102bc44694729ebc2d359c09fc9","2.18035576644638","No"
"0x38607f2f582c26b896e7936dc9d2715cb76c5392","2.27051863050391","No"
"0x389510c659478b787a838ccc173c655df67a24bd","0.133676211399349","No"
"0x38e4e0bd3bb3270095aa801fc1f538f041bd1674","0.632137641767738","No"
"0x3986afd433c9c368b792407fc1a6ee8397254522","0.0582931612278347","No"
"0x399152a3483e5ff894f9b89637aaae16e1548d56","1.63807067853252","No"
"0x39beb60bc4c1b8b0ebeedc515c7a56e7dfb3a5a9","0.0134292740796135","No"
"0x3aa1fb5d5968890502ae6cdbd73a63b7f23e3ba3","0.00410644650557773","No"
"0x3ab05c6c6795769a5db4ae7e707eebe8ca56caa5","0.0133272839366526","No"
"0x3b3f04deb78e8d12929af043b12b605e552eeace","1.20500280513735","No"
"0x3b59cf2486ab23c0bf142cd81168ccc3db3bf758","0.0290766502736963","No"
"0x3b6d59b354c6809836b8449899ea3fb50e4c75de","0.0144005392086186","No"
"0x3b7ea01f892075072aa9110ddf4fec77a4702037","5.26116405441341","No"
"0x3c0d7b1ac4040a6aa9c16755562936a29bec0e06","0.165366790846805","No"
"0x3cdcb7de3ddc2ce58d70069ff6257b9463a438b7","0.00248345965897744","No"
"0x3cf6905cb26e70754f3a1d084e8b3a78e387099d","1.46757509902955","No"
"0x3d71b92d1eb06fb67978ce743e09a9d42ecde2ba","0.172695586874058","No"
"0x3e2511c9a1094846a00cbf5208f9d82b6871f6ae","0.65284033512043","No"
"0x3e3b21a394e1c5b10e3b46b12cbda062db5fc3d7","0.0272236535474575","No"
"0x3e414bbb7975c73baf2e8a9d24daddec81710f32","0.494437463077348","No"
"0x3e4294beb0b8c223170ce4ee85830a2483bc785a","0.0149817887653452","No"
"0x3e8582495423739c9a1e152f24e0ac453fad2a8b","0.00782999057945417","No"
"0x3e978e950c37a7adbd92240f63c9b4597a7dd97d","0.104841913223395","No"
"0x3ed5238a0b82226e0f46806022594537208e46c2","12.2044929686022","No"
"0x3f9da025db6cb0ddb9857be595e35508708acc43","0.0304017786430554","No"
"0x3fa6d83735aa1e659b37eed5c7cdd55f616e3af5","0.0787724188680074","No"
"0x3ffaa5d7671291afb31e8bab54f6e5f7e0077df2","0.0529754806683459","No"
"0x4032defdd34825ab3f9a3c11ac7816b265e4605b","0.0603836338211467","No"
"0x408720d698f011bc2971f1ab7416fad7f6f83fc7","0.0393010418730019","No"
"0x40cbe345c3492414e7e0b5d878034fdac1be9218","0.0400190516382704","No"
"0x41118f37512bff69c3cf8faff45bc6ca73df0e6a","2.44749875688982","No"
"0x413f77b35e1bab89d161e39aca6db702fe2306df","0.0833235321192758","No"
"0x415b530811f8c6faf440fc6236d8194248bb47d4","0.70364893755903","No"
"0x41e3012ccdc2084ece4ae92241741f1e3f5f0cea","1.67127184662377","No"
"0x41fa7ef9e3dd14c5f6bb59a604ffb64768801fab","0.405797737694451","No"
"0x4233898bb9031a7413d5ed783e9ec833720aaa3a","7.4666429912606","No"
"0x424dc6a1f3874bb3d71707ef46e009b5e7af5243","1.39376362779896","No"
"0x428842ad76dbe204a2140762d466ed7c45c8e2bd","0.0747485722604386","No"
"0x42c2bd1a87d12417444b8f4bca5251476022bed0","0.275141848548855","No"
"0x42f8b7aee30e6852f8734a405bf0d024ff1f1a05","0.0294344348922027","No"
"0x437b23ef0c9770cc84d1777305f406bfd7033211","0.614000188462095","No"
"0x4475deadab473693f4d54be7e7db640b524c08ee","0.257356467115979","No"
"0x447bd00b21d7452149b14d7187a67920d83b8f9d","0.0599280039567919","No"
"0x449967fc7d6fcf38b63183f0eda453c014ed5eb5","0.0577575239855008","No"
"0x44a8f8e66da615c841963eb5fe9a2c7e78cb6376","9.08520348361078","No"
"0x44ee49fdaedd4ab5c977c8106ff0b5fbdbe3e2d7","0.266232282335668","No"
"0x45008ce05cf52e7f8ed5b1bf2e166d8316375135","3.03325183259791","No"
"0x456393a8be4f0e69ec228d8545f6c2e190da5b02","0.00407098466979869","No"
"0x467adcf4d50be8035427dd5655f8b9a3c6095889","2.41939418872539","No"
"0x4688aed7f1fcd3a94e056edf43b9875cc0f2de5b","0.632984068525416","No"
"0x4690e877cfbcfa3efa50c57caf3720beccabde88","0.0700084825818159","No"
"0x471a092255bab297dbcf9cbb4e27508ec52b5289","1.53584879986035","No"
"0x475b49531ebbb445598cfbb959f65a6fff359461","0.0166126879853561","No"
"0x478fd260f1e4f7b9caeb8f1b741e7edf1d0ea86a","0.337703323563195","No"
"0x4790010f38cf84e094b76f1edb16dced011135ce","0.190069115049775","No"
"0x47df74384d978d56ce135d43fd4889ddf0fceb6e","0.0543891523196782","No"
"0x48377020d0c1f3a52e2bb756cee7b076dd8dcbfa","0.466611863603589","No"
"0x4844a8c7a94948ea5897397a6231317ac7b44b40","1.11845434220919","No"
"0x4852d27a3f66fe8c4e91885b8446630a8d4dae52","0.177700824053947","No"
"0x488e5bdd515013fec1f9f693e36de33703bc23cd","0.577083577569346","No"
"0x48b576c87e788a762d6f95a456f2a39113b46950","2.64534910408335","No"
"0x48ef69c52136c0014f3e8f3c3fc0acc98cc63733","0.246673549860226","No"
"0x49208d4679787136fa9449ca37874b8cc543a508","66.8943831381981","No"
"0x4926921ea242a9256a364c060bf610498791daa2","0.552110701258239","No"
"0x493192624184627a7cd7b59f6e23c68a6335ef0c","0.00903665791515858","No"
"0x4954c56c0fda0a30fb88c85a82aa6b3faadc5d1c","3.78516672957554","No"
"0x49e0bfd85f643822d51d1f6f76e0816b0d6e1095","0.24671279379975","No"
"0x49e366382d8e3f41e5f51de4b5495fc62883d1f5","1.07276024202025","No"
"0x4a6c5c3d8d4c502792605bd9a79c0d54ad77241a","2.92337267809979","No"
"0x4a7841596d8f8b4c5db9757455b41cfb11be0750","0.527744451247674","No"
"0x4af7c7fe1a46ffd1f7cfc1ac68c261f7c8705b80","0.673519769637324","No"
"0x4b0931414d915ba2a5ebdee48f4c930c04de2f5f","0.00173085957040684","No"
"0x4b203f54429f7d3019c0c4998b88f8f3517f8352","0.0583575372431143","No"
"0x4b268abc648e5a48b8d04084bfa5f3ac454e8fcf","0.070425010345051","No"
"0x4b56f0ca5022637dcd10030491e7ab9f0c87c099","0.107920875601472","No"
"0x4b6164338a51a248d07304c063486b1e02400173","0.173384106277443","No"
"0x4b9d17a6635988f9fb9e3270efc05435d117ba20","0.369901779600322","No"
"0x4c02897e993ea4095fe5b9a4f17e2aa091d0575f","0.0142327844837292","No"
"0x4cac51d479d256bb2f826c4f292951048e24f712","0.067299850497717","No"
"0x4cdfe00dc63807aa454bafed9b7ef44a10f63df3","0.0838201294707648","No"
"0x4cfd544a97bed2ccd00653c91ec97651959f4544","0.00513790397785625","No"
"0x4d0e063357051385ff4c0a61937414cd32675eae","0.0035614849528226","No"
"0x4d95e86fe9c4776ed0edb90670fa8c5ee2d79983","0.0343056571087773","No"
"0x4dedec4bf83f536c3dcb125f3fb818306949db56","1.78628232189684","No"
"0x4e5c9ec5144006e5c82aa9623f27ccdd2db56a1c","0.12746291373235","No"
"0x4ec5fe94866cbdc7a12bf64ff4de271388c15018","0.13123478440901","No"
"0x4eca9a64c14650c6d7d21eb2d2ccc7a0e9f6eb71","0.0755553925380198","No"
"0x4f375069deee2b3470eccf566fb23819d8d6933c","0.745999891995968","No"
"0x4f87a5e57097937489b9b628d1b71997fbf734f0","4.5143932158434E-05","No"
"0x503984dc450a1ce50a6d7f5e43422125791b66c1","0.0115807779632776","No"
"0x5098e1e4433b411f6c49aa808635f9fca475908c","0.0268132751633661","No"
"0x50d584755749f94424ca460887955b0795a4c564","0.00627492873819946","No"
"0x514d0963a7792aa93fe10c6c38151cb84a095e42","0.0351240138476817","No"
"0x518a249fc929a0109ad05d888e95ae3e6518a07f","0.545531372668835","No"
"0x51c51e651df6db7f1a6f54a8d6ad4bf89b73412c","0.0400880110437085","No"
"0x51c5379180a8aee23dbf366746941db91840ef2f","0.771749244690714","No"
"0x51c6e46b6f58a54903bc3f2e65e8934e7f1f2206","0.538121928437075","No"
"0x51c73059a4bccd2db3e17303295809dadf040bfd","0.0510821830875735","No"
"0x51f08f011c015459a980a052492e908a460f318a","0.0015273433135047","No"
"0x524d9237d64ff3910c0588ae8d5b8ee775c7c0ad","21.7236488639971","No"
"0x52a15ee510ef07a1fe86bd6d9b5a10d2fec21867","0.012412420464687","No"
"0x53447dc0b51832b625c6e213c3ff67ae017b004c","0.0180699134596863","No"
"0x545062b6db67bd9b5ccbfe46b7a9f7146d669848","0.0178649076134855","No"
"0x545e4d89832a8359d006f998742bf0554366531c","1.31368758324453","No"
"0x54862bbc4a0c131fedfdba6c36c1a45e0b9a9b42","0.0646470492695724","No"
"0x54afcb6cf8a1218e43a9eaa941e55b627f72b7d1","1.05004839869169","No"
"0x54c001362746244bedf4f5f79aefb451ce3ecb39","0.757013938335528","No"
"0x55e4c01950f4186d4f72ad150a06aeefd94439aa","0.402134279830683","No"
"0x566679f423481f6017c92e45b6d65553543ba834","0.0479587336554137","No"
"0x569747b1202ca94cfd1034954fc65a2986326af1","0.684247439519006","No"
"0x5700d3b0d7c4b2d65e0bec08ba4bf0ea9f98be9f","0.00760034764136151","No"
"0x5769f85c3c5f7dca803932cbdead50c9106a0243","0.306476700629446","No"
"0x5898b156f009af239a04ad5eabda2872bf6bb8ac","1.68151453810101","No"
"0x597d15480c6731a8fa0588980756402db5cce49e","0.0382171000654633","No"
"0x59819953ca467ae4261d6f5d9d743ea1f13739ae","0.00747174067458704","No"
"0x59dc9ee55ce0006a87a1dbc5fe3ad972dbfa6fb9","0.0823235232912031","No"
"0x59f11b833cc172dc94f27a7b7bfd9efc21ce32b0","0.0090758135984253","No"
"0x59f5153bbdf64d49448dc1b0c4b8e2e9be2a2e5f","1.04737793424322","No"
"0x5a0cb6685ae1049b181ccd6044d949f09b49f954","0.00398986751082201","No"
"0x5a29facf5f47b5045b8716b7e60572356ade1121","0.11241755710426","No"
"0x5a90d3e6cfcc55d4d63ba4f729922413d9364c67","0.560325990740982","No"
"0x5ae9068e3c2a325a34ebdcfeff4e3a39c8f43d81","0.0210146830050689","No"
"0x5bc7bcba624bb090865811f32dba5b9baf7ca761","0.0149655159367945","No"
"0x5c39fa41c9b86cfa42310e1f680c931bfab7384a","0.027413226990597","No"
"0x5c428fdada2d67c777e6ffcd5c95b94bbfdb31a9","0.147288370346583","No"
"0x5cfc2a777d65fefc72c884184fce83ef221a00cb","0.114387678313082","No"
"0x5d338a332ff5533d9544af1bc6ebdc41bc7a15e9","0.0191200695836964","No"
"0x5d3a20d90bff822cc2d638198270b1a9e5c73b25","0.0661978299405658","No"
"0x5d40f4de11689dc1a341ac0efac19ea11d43ce63","0.0110717702495678","No"
"0x5d52cf8d8b4e802b91cee2d20dc0940f996baf04","0.425028488642746","No"
"0x5daceacbf4b901f9b4943dbfd520c134ec5a0730","0.393199288318765","No"
"0x5de16d110fc856ca567b281aa99f99d64e5fd291","0.0183092353456274","No"
"0x5e178c3814df3138c8d6c33d3bb964f4dd2d5fb2","0.0242941043301785","No"
"0x5e1c3f5028b69a5a6d03c5ac6747c3e80cfcde95","0.219077878818996","No"
"0x5e2492787a23419663c5fe7459c13e8240449e63","0.0346486113573957","No"
"0x5ecb41edcd21fcf5e69c897ee84843b128dc3ee3","59.3958869678772","No"
"0x5eec373387b12c5346b2a61d0d506f8c645928f8","1.72915396691661","No"
"0x5f0ff52df8df2c5351c47b6711c33f36c5402909","0.264721538351477","No"
"0x5f41851427d613aa30fbbe5bc292da5a7593b9fc","2.47309809986581","No"
"0x5f94905b65108fe9e43b3378ad4aef68f709007c","0.0438791649680021","No"
"0x5fc9d9293d74640edf16bcf6f64f113eb7a55ded","0.60249307177838","No"
"0x6011403209c35ce90e1f576b80e1427359423e31","0.0815172117900942","No"
"0x605afef61a9162797a8e51fa049b77996454c0ce","0.223230281890682","No"
"0x60dd46094e96065811cb7709f3a006ed7ae61a7d","0.0367754039933832","No"
"0x60f12f47830635ace79aa81a0d70d9fcbb3116bc","0.376270769582359","No"
"0x610f3f68a8b227fcb20d37e17412dd2ad1602c62","0.257909107905351","No"
"0x6155441fe5337b72e28071cce1e386a15258b1de","0.105218454982023","No"
"0x61559871b3d748f5d1ded6bfda5df6d9edd7e852","5.4162006332053","No"
"0x61a0982c6adce57f958c31c7a4c8f9dbacad7ae2","0.137119933427495","No"
"0x61af6bea53ffbbdfb226762f8599be44f441d16d","0.0330442317750039","No"
"0x61bccede042444c4ec08e65dd560f5d51d6562af","0.0379174867723368","No"
"0x61da6203a55392cd5958c520b899a0d58088a410","0.0496241469149623","No"
"0x621f4faf48d236f1e6cc10e3ae0bc18e26b29b0d","0.0506996077197492","No"
"0x62318b2287ac337feb5d6209efd236fd41993546","0.0181254092781356","No"
"0x62a9be85f08f0dbb9986b75f204e7814c95efa46","0.0664788590723468","No"
"0x62ff9ac6080a321a6264729efb3c4f0844a1eaf0","0.443198368693244","No"
"0x63585f6a8840e5c415696583b7c4ab9f5bdebae4","0.0776383426773576","No"
"0x637cba9be343cf868625b6fdd8472a32519d15f0","0.00557467499948932","No"
"0x63a6afd857e541b731c90f153a81539e06d295c5","0.00523947117000055","No"
"0x63b46c8d28487a9609fd42cfeef39a9db0c81fd5","2.13005726529604","No"
"0x6436104e26fd9392f1ce1418b4f9761ae7ed15bc","0.0560379084522551","No"
"0x645736044429cafab90acbf0816b7c5666761722","0.105278374361894","No"
"0x645faa6dd55c0e39af5ce35b19700f5af81d21b6","0.0412911464080505","No"
"0x648b722c532591b48df17d553cd1c5075f0ab9d2","0.00158504410843181","No"
"0x6492473c1bb99881e5baaa73012938dccd55b81c","0.0960068867884483","No"
"0x64c7110b36bf13b79cab90ceda3596770779c023","0.530500326731134","No"
"0x64d867932f03d7bc3878e6dac6ddec3f2dea59ca","0.0534179053234608","No"
"0x64e6000e4863280ed139d07c7bd0f8d44672b55a","0.164301522307238","No"
"0x64f5bf4373cebb9f7f86ea593a40b7c5b9874e31","0.544696699881425","No"
"0x65018d3cfc95981bf2c104a7c0a786009ba45e13","30.5979996286803","No"
"0x6558354be3ba0618ae694113f3e3b53fe421512d","0.136451549538604","No"
"0x6594ef1422f6b247e4d2b6da3da4ac5c6fb3bbdc","0.00444777251551357","No"
"0x65d71c5f8b2422db5bbf1e322503df2033b3f68d","0.00234271065050924","No"
"0x65d81112c39a440298afce050a1317ab34398b3b","0.521152779113674","No"
"0x667877f713762f7694569820480965b49e6cc357","0.648225792226887","No"
"0x66d255d9535f1887824a5040fa5a17cd9c44dc73","1.07249503104186","No"
"0x67111c643f0bf99b485de03b362b038802f3683a","0.209358753826668","No"
"0x67471ea7e44de2f5626072cdc6b42e9befd60ac7","1.87590883253333","No"
"0x6786d12ede4885e12d00cbded96ab0a6870c202a","0.52670431708032","No"
"0x686566a155550b3941d13e66f4084897216d70f6","0.0762086969786238","No"
"0x6880b558dc86122e1e13c6eb023f83efe8bb94cb","1.027131925558","No"
"0x68a485adce8179eed1ffa7acf4b1ed1d757d276a","0.131764180451622","No"
"0x68e351ed3bce06bb1bb914b5c1226313fe07467f","0.541912803415267","No"
"0x68ec74984b482644b740901d7b52f1c0c05de170","0.419386379789071","No"
"0x68fb3424df06fda6ccb91551ab70f2594102eec5","0.573734698425429","No"
"0x694093036fa659d95301c70784d59dbfab031609","0.488168870085267","No"
"0x69a44ee77f19eb8e64920693e0fa7182b4ef312a","0.532367005258849","No"
"0x69a4ec0279354422db7e4088a7bccb24bcf9ea09","0.395365872055132","No"
"0x69a65a3797f27d829685a98c47158dfec04931a8","0.016310588294498","No"
"0x69ab33c0556276531c5d754307b11d309e391771","0.000672141094427519","No"
"0x69b6a4769fe4835b3116b9611b9f86298bc75f63","0.354172136516015","No"
"0x6a0e0079cfedb955f0e9c713652fa1a4f7fc2a33","0.620486487843718","No"
"0x6a582d64bc7620d994a11f42841987c1c616d958","1.96510799237574","No"
"0x6aa46d0072e6974e59439b34b23cf831d0d46d10","0.00654278899104414","No"
"0x6ab75ab3ef9d354032a956158c65812f3cb0ee31","0.0636319153164466","No"
"0x6b00b8bf133c290e800e4bc8cb5e4f67f52c248a","0.0191828884758442","No"
"0x6b1b878884cdd08bd69bbdea52e3c434f628c68e","0.0737710595457527","No"
"0x6b3a8f60086096dc6410dea82cb30396b3f5dad3","10.5665086019193","No"
"0x6b86d5a077fab712aa2755d22eafdacfeb2b0dea","0.832749593335097","No"
"0x6c000fe55efebe21c9c19e9f3e751ac0e7bbe6a3","0.000354368379686455","No"
"0x6c47da11a2c4cd3e7acf4773f708190ad1317383","6.51268092212842","No"
"0x6c86a79f2c5a1307e71e5058eb4adedaf9bd7f0c","0.0170084578994865","No"
"0x6c8ce61b4ce498981cb45fb01f8d0a91c789080b","0.0283008423243625","No"
"0x6c96481dc797b61b790f3401106beabac612b054","0.191845743931478","No"
"0x6c9e55765817eeee48413eaa96ea5aea05fd832c","0.347434805969729","No"
"0x6cc71bf80fff01845c5e4a901127652c935ae994","1.73116562638379","No"
"0x6d14025610c529f5ebd47a6aee5819cfbc54dca3","0.00413385931791238","No"
"0x6d26249e21d2897914635582601e943f85b41858","0.0700397306564421","No"
"0x6db03f4b8dfe62de25d84167112ff5e61608bfde","1.15832197483953","No"
"0x6dbaf35a85870ff2663e42322ded8a14129f4e68","0.431117101661047","No"
"0x6e37286bd0a65725459c6a8edb9fd00cce06aa3a","0.412385048871954","No"
"0x6ec573879e3c0152abe46852ce2be833d94ca718","0.0775566232721265","No"
"0x6ec677606fb17e491d7f13086cb36d32a14914f2","0.883012766296918","No"
"0x6edbcce92ae858c4e68be14aa4e923cb31fb6bf7","5.0777611890685","No"
"0x6f0a1318554a990027f329d6efef1f1f32813579","0.0148380827359298","No"
"0x6f52049cc879caeb356298ddb23500cc0d4787f1","0.00467825487445384","No"
"0x6f722d1ddf3d7b1cd423b828a625e0de46ae9f3d","0.000654032001161161","No"
"0x6f7a44c65dd8ad065372c674d6deb95828808e66","0.555066493376284","No"
"0x6f8b518d86dd3eb495fd5cc06029018a548a0397","0.526429874021214","No"
"0x6f8bde47e8913e1ae848b75b533cad060dbce8e7","0.0567431830239382","No"
"0x6fa658c86253ff4098dad8b9dc8c1fc5f6e6f9c9","1.21124271392172","No"
"0x6fed087c39734c16387815d6e30b475833a3083f","0.513877173677621","No"
"0x700c68436d47746a3c546d88cec9b5a2839e5408","0.156264430233574","No"
"0x700ed42a6b0b8c9646767ce8a0596a6d620ab279","0.0108199817529101","No"
"0x7028320c9cdbfe47f9145855fce15de26d43b79e","0.0638922726510197","No"
"0x7041ec2720f4900b06d9e87f0468a18dd38d9626","0.632281936994287","No"
"0x708cfeda041c3a79708c23eb6cb6add05cbbc535","2.37943720469533","No"
"0x70b20e739daff59fd7d16aedd916bc893f0b13e1","0.601696319887158","No"
"0x70b3ca4a056f51b0b22bb706faba9b1a89fa2144","0.0442069536908507","No"
"0x70d1fa667bec5e0aa14a7abc97687be60b597a06","0.0430671409619557","No"
"0x70d2f7e8964e9b6540b511fffe5ff5d996ca9c92","0.511960631212321","No"
"0x70dccbf7739ecdf6adb24fa8958084debd2168ad","0.0291583043794474","No"
"0x714244802f5c5825274b996dd91273e488718466","0.582909034925412","No"
"0x717eb2f4aa96015b9a87670abbcaf3bae8e7b672","0.013139698362291","No"
"0x735fe821e816d434194565430d586bb1a99044e6","3.22329046998935","No"
"0x740de44b77da1af2a003734bd3968fb967831ead","0.00775160221308685","No"
"0x740efddff4b61ba9b2e7847cef0e9c26596f0aa6","0.0363798380653976","No"
"0x74aa9579d90de81798b5010071bc2a91a92f7ff0","0.638966336195971","No"
"0x74cc94a2360cbab7140826e9087f0dc4b4e60098","0.172776661342054","No"
"0x74cce537a9c46611b3246173c6475776bde35fc5","0.0181255486288078","No"
"0x74e3a06361b0c67d736020c3b09196aa84019bff","1.64039779878428","No"
"0x7502f5c4237e219b81d36cb11daebf8ade1a812d","0.0814955734893994","No"
"0x752b43999013dc6234574b1381fbcc5cc91ff5d7","0.276010788623243","No"
"0x75632aaf83120eae9b0618f8f50773ce347de2ad","0.302316946518908","No"
"0x757b47d254e79ea2b4ba72170a79dc2706a7d1ab","1.68024692912595","No"
"0x75a493d57392e224a93418c0f98792ad5d99f49d","2.01302889027189","No"
"0x760de6b596ff6dc6093ac9f1ddd8be8c10bda66e","0.268261500662368","No"
"0x76916fbea72f9f713dc484ebb3e5d7eaa96a1cd7","0.0861572796428056","No"
"0x76a331433557e106ccb70febda69a0b53fd9c9e0","0.0321907080173151","No"
"0x76edd565fe698996c80690ba6a4d32d3910ed86b","1.18590048294213","No"
"0x774cc6855bc6c0cd4e2fd64f7c61782596d0e077","0.357811658113328","No"
"0x776c39cc18fcf22e0f38e93592ac7b351cc23866","0.0123127539558065","No"
"0x777a620dea6c8f97f7b5509fe127ba6e66350a04","0.520901601614486","No"
"0x77e286daf3ddc5a7b98e31acb90dbaf96f208ae8","5.3143643973085","No"
"0x77eb9e82387284421ac4200f6cddb657d9874afb","0.156150200134141","No"
"0x77fd1a8e3076aaca7f39b8267afe9221e428cd2c","1.31180595645476","No"
"0x7834e65b4a6352bb08bee22052fd9143c20ff4fc","0.122192683651666","No"
"0x7849dcc0e82c3daf67619994aab85391fca75b71","0.022384898075066","No"
"0x784c4d9609f8580e571a4416698aed8d2f42b704","1.05979507595319","No"
"0x78518a068930b9a49604a6d355c5c0c2ff100425","0.0045869918489437","No"
"0x78857d4c560ca61b46b939049bd1f34ed5aaf4ca","0.541595863902779","No"
"0x788b6a65c24776139937d9a8cebb3ddcf0db9ccd","0.59275875291688","No"
"0x78d7e65fa69747c94a6a497003b2afb3a93d33e0","0.0534694432863524","No"
"0x7929d175aa9ccb65a480226d177f37196a9d2fef","0.0670084824318143","No"
"0x793f2f026813f94ae8a8938a2db06ee400fb102d","0.0402110152781609","No"
"0x7986fbdfd799a75519fd7a5bca4ac5446f2fd394","4.4184263978047","No"
"0x79d3585c86b973bd082032527a8fb136f6ba33f3","0.396307540117471","No"
"0x7a0eeae01ba463fac2625f2aceed54bafbcae312","5.74316860507646","No"
"0x7b36928d0314bcef8632acbd733f4e337f80c402","0.881832635060647","No"
"0x7b5635e98844f6f47619a5582fa3531a0d263c38","0.000139054936013097","No"
"0x7b65d8b606c3cd989a5c8d8513a1009af58669b0","0.0151399776978984","No"
"0x7b9e73db125abc8e6fa3ac52d411759afe46fa63","0.00653096314921571","No"
"0x7bc7b6d05c856215ec41e1f99f8b981df04927e4","0.0700238782796339","No"
"0x7c1185e3b71550adc55590918e8ac6ba1c15dfd3","0.0209373944334869","No"
"0x7c28c426469782270b74b0f86c0366d24403fe7d","0.00301276466263455","No"
"0x7cd9c0f1f0aeebee2c7f533584c83f27cb1e6046","0.00471949015163118","No"
"0x7d547bc2bb6437aa4ec19c0e58eea3aab5824453","0.0607852055062011","No"
"0x7d85a95587a5f6c9d06eb944038546bda2652014","0.198925124053028","No"
"0x7d8b8cba3f85057cf90ac642b5ef7a4beb6c567d","0.00249334843647765","No"
"0x7dc353726dbc36b3fd8f6ec4c290cd8247056c70","0.665686573802608","No"
"0x7dc3b2ecad291b7973f66c48d9e250afaf5187e0","1.05357868062363","No"
"0x7e14c5748f9216c1c5256d46c8d044381c477dc1","0.0107215260157977","No"
"0x7e3182b54fc5527632eed4d5cb4c52d8b167fd79","0.394455965665317","No"
"0x7e6c10c833a305e8f1cbf5cce589e9486fdbae78","0.00165347397335611","No"
"0x7eca0aee544938b7c1bb6cabd1fc5a9e5bffbbec","1.13556490004399","No"
"0x7ef3a0ef713173d538e1299da563db0c7e2aed6b","0.0417795590862726","No"
"0x7f135889800820bfc9ac150ccf7e490b43202e25","0.260671991154801","No"
"0x7f135895d7457373d01019c0e32e89316ede2ee5","0.52459059274862","No"
"0x7f1d93932379f94b696588f0d54ca48f17a3fa15","0.00833346142938646","No"
"0x7fbf6ab9f7d095d2b4a8ed5a841d00cf7185e1cb","0.303585741436006","No"
"0x7fcad4fec71fa4e6aa82571f524f8d9577ab92b7","1.18513450694919","No"
"0x7fe63a1eeb6c4674d767be6b16b90d0e04540665","0.866515281419376","No"
"0x7fed70ca8847c24889ed8d3384d146522b0bfb12","2.58459742468139","No"
"0x8055b0c9a126bb9a729b90f981177623bf4570ff","0.251944772902166","No"
"0x8098b4429dd0c0467443732814ae6bfc31b1bbbc","0.00135745834575063","No"
"0x811dea516afc72618a8ab1f6edebf82b1cae44b3","0.0135090288334889","No"
"0x812b313dabcbf45bd3809ca2c7f45fb8e61080e8","0.00487248433341999","No"
"0x815b3b499f569075de44706007abaa0be8f6c58b","0.126684548949324","No"
"0x815e116c9cc4604d3ea481ab55abe829ee885a88","0.536095707130482","No"
"0x82729a73e8d0902a63ec4db86a533c5fc1f61fb5","0.100246855529867","No"
"0x82999ef66ded3b44380d49cbefc23894c4c3e61d","0.274578393644624","No"
"0x82c22f336423b92bda813c8a854910808e8d97af","0.00758408851682494","No"
"0x830084525e818346c68ac1a6fcaf4a1cf324021e","0.587402838364478","No"
"0x834904fbe28e2c919ac4f17da0c1b91419bee9c7","0.107382467187269","No"
"0x834ec6ef0fc9b93c00b24e3f17eda107ba2b607e","0.17403986799772","No"
"0x83d421629ac79a1c04346fe09db388845dbc576e","0.0192155745287412","No"
"0x842dc39f882f63ad246875a13db597a5fbdd27bb","0.133525666890207","No"
"0x84667777281cf53e9ed6eca6c53a776c3d34b17a","0.0076961370527585","No"
"0x84b032ef0b3b7389eb268d3f8b10a1d6c00b485a","2.42762379713066","No"
"0x84c11998bc94072265cbe837c1d4890237f98e46","0.666634655181486","No"
"0x84d1cfa17f42c961cdb749109adbeb61d786afc4","0.0176709933822451","No"
"0x85052809f0b53ec293fcbf6224a78ec94261ed82","0.183472467802267","No"
"0x8571e55eb0f6d07c989bf5bcca9b44da6b6c82bb","0.0360817153586775","No"
"0x85af33a8875e07524c8a220f5ab2922c69dec15d","0.198464820590844","No"
"0x85cf5623f02f9ac591c4c290c71e4c2755998829","5.30143954517704","No"
"0x85d37770af2e9cee296c6bc9237ec616fd92f533","0.0792179784334198","No"
"0x85f6544f68d8195f7f2730e85780fec598fff42f","0.30152454176641","No"
"0x867a122210d83ed1826b229a1e22d41de78b6341","0.00837105884442406","No"
"0x8687305eb9b1902a5af565993ddc5a97c8c52437","0.0216302370531278","No"
"0x868cbfd33ec93b451c510125e4d9f1ab1e42fcd2","0.303085748389394","No"
"0x868fb6c916a9c71330093c7d289f8c6ebc1749da","0.116485075768814","No"
"0x87418c8cb221f33806e6828d8341db3688f69860","0.0534791786129501","No"
"0x8764028fbec9cfdfa54b9f297813f622030b0abf","4.1282846364082","No"
"0x87958d19ce889fbd66ad8b531425f437b3a05fc3","0.10052986277085","No"
"0x87bbee54b4568111c634f44bfcbadbb11d6577f0","0.565858201439006","No"
"0x887218ad01dfcf06a6fc95fb6b6e53fbad0b755b","0.526745546698269","No"
"0x8899f9be0cf6398dfb2750489df1c49fa1dc9bea","0.113925585341907","No"
"0x892376e6f7cb16fa954778e5c0c9adda78d35f57","0.0535283432407371","No"
"0x893f9f5d4e5141d94bea7b6662e47e1914857ab7","0.146683446728161","No"
"0x899e0f64cc7fc8219a173c12a69daef9322e0a38","0.381174099251794","No"
"0x89e837e2ffe8e3ae7a55b95f11cab2a16828abfe","0.000749872159466176","No"
"0x89ff28e4b44d1b0d650fec6cb8b0240ece1d5f65","0.009960248395792","No"
"0x8a290a2641ee251b168bc9bc3d735bfe5a86f009","0.0960775553973233","No"
"0x8a6a31b40e4300da9159bba42166fb046409ec94","0.256619825026708","No"
"0x8aca8151844a23e00967cf3a30da8e8cb62d6632","0.202087349604697","No"
"0x8afedbe65d451fa9ba80637c8ef4eec48de52da3","5.22284584749496","No"
"0x8b84a161f4f6435c0281d16ce145d99b4191a94a","1.34735044388123","No"
"0x8b86b588eb5c70d281a1ccfa46824b4388fbd4b9","0.0460703309028063","No"
"0x8ba89f1c8e3d7543e1d74a82e0388373f28c36ba","0.223830848460936","No"
"0x8ba99d0e70d84eda9fde498efd013c4c53e6bfc2","0.0950261768998078","No"
"0x8bb9e4652a58c744db8da84bfa24761d1a6f5a36","0.560073786071856","No"
"0x8bff874844274829adef24f4c1311f856af286a4","0.532060058940434","No"
"0x8c05c87d6873d14c1cbf66cdd46e4712ce66ccf4","0.0964142437184053","No"
"0x8c708a5530a1c987de8fa3852b28bf2222a909db","0.0535840066811132","No"
"0x8c92ee35e1771341d6fb46c2e17ca2caf3da6aa5","0.00378131494454307","No"
"0x8cd847abc9f7013c5593ba669e0ae8e08c85f9c7","0.483172257040542","No"
"0x8d15f9ce8f41ddc5bf6604e153e27beedad8fa7a","0.156342187279615","No"
"0x8d1a3778458a766d95a74602848d072c19e187cd","0.531903841387826","No"
"0x8d826371f8d55ac5d0d6dc0f69a65daeff9c52b5","0.0397151689401076","No"
"0x8dd4e0d531c2367d02c155b2089d68dcbdb38903","0.169586273930396","No"
"0x8e224f686b974a61e640761403ea04c1a1610bd3","0.0190891557589303","No"
"0x8ede26f2e7c9af725c20e4bae69cb2475a3ad4fb","3.21392997866768","No"
"0x8f295a22a4a5ef346192d2b2d4c483d9f76b2a67","1.61061342393992","No"
"0x8f3be35f1d53f5d7e61937f760121c315dfbc01c","0.0423410420843347","No"
"0x8f4377c4e56a78a4c850f2bcc7c14304980049cc","1.04949497381747","No"
"0x8f6d4df27d3b4f832023ce354805e4af0c793948","0.032045627046577","No"
"0x90a00ff7c49a0e11ac58ccfb69ac69740845f53f","0.00235940017090255","No"
"0x90c290a07a52be5b6340dc971ca6c954d630bdcd","0.0517484563542","No"
"0x9102eaac5bba552d7b4fd5c05dbc0df61064ddb4","0.00524526161277617","No"
"0x91162cf5913c55aa0ff4dd9db20b56e8c6def2df","0.000956684048855066","No"
"0x915ecf582df43bcef73dd80e60b463b7b1069b47","0.83302039277966","No"
"0x9171cb662dcdc9390cdad63a6f5d1b1ba881fb40","0.0537522677206577","No"
"0x917f32a2c8130b1cf23dd65e88fb1b8b1db22a31","0.353904071574283","No"
"0x91c2a6ef1fbfcb6c8fba7f73b4f018271463f6b2","0.016699990888515","No"
"0x91c3b92109fe08efc966ca8bb3a046bb9d457df7","0.123640792499907","No"
"0x91f5687b900ae30d0b7d8b5fe35836acf06fe0d7","0.550060270033567","No"
"0x920c4474c8249a5d9d2db77ea977a149f7a12ce0","0.12137021374017","No"
"0x921ce376065e1d3a3d9820def95b830d0093576b","0.0387739198842524","No"
"0x92505a19f4c5aa81eb5d545ded02fe4363939df0","0.0419048770197141","No"
"0x9250f8149067fc068189f95e92f0eea9673f62d0","0.697778903515682","No"
"0x926bc014638357cabcd182876933047e984396a6","0.854062130472731","No"
"0x92d5f92eadd96aa0459afb560d9f966edebd9048","0.535828526945598","No"
"0x92d7de839187bf86e2752e3507d3ca777cad46cb","0.723241265370142","No"
"0x92e165b845503a65d2259c344c903afc98235af4","0.001","No"
"0x9341d79855fb12f31f2737ef08499dd11f06f8cf","0.0322882823266986","No"
"0x93426ecfa8831498bd9e0be177660814b424703d","0.193266237596699","No"
"0x93a13087320b998087cebeb857929e58bb6daceb","0.0103294369288752","No"
"0x93a8242a8be7d4105d15741934432255b0d49e42","0.175310766087388","No"
"0x93cd5cd289a01e27e0d25ccde1525a886ac07171","0.215049698062586","No"
"0x9437d6a8759788ae0e3cefeec9a2a6e44f96313b","0.348488963260851","No"
"0x9453b937e534fdc7a692dc62ebcb09a588beb1d8","1.3855665814581","No"
"0x94ba5383c8bf0c439afaf88fdc16d24859febdb5","0.126890149790341","No"
"0x94f5e6b60074a24eabda7d5ef481d21397e0115b","0.136077767793589","No"
"0x95388ef1377f08caa04336d48641d3ce275ee4f5","1.29517219476027","No"
"0x9591bf8941e349d49e53c89b14de1e1dfc704ab0","0.121085642503116","No"
"0x95940056b4897a02e5336262c969ba7651995fc9","0.439462676150263","No"
"0x96067e35bb4ff14232f25a932213b35c8bfaf8f9","6.83636509091179","No"
"0x96412eb6897f3aee5ca14b1630ddf841d579d1ba","0.0964733647295169","No"
"0x969cb45ff831ac9ab800dc4b5ee0845bd3237ade","0.0204778008888484","No"
"0x9800ea1416004de629f4d49371285b502c4e9c6c","0.169175832702889","No"
"0x980bd0360937776b469921255f9f1d59a2db0dbf","0.151142677584778","No"
"0x988ca6e2ace04f3df5de297379eac252b6498a64","0.941284191439081","No"
"0x98bf02d25e1ef7e67c708f1f6582ab7f32aedebc","1.0995604029313","No"
"0x98e7505096e161cf50bab4176f7fc7d7798a6a1b","0.062720266006593","No"
"0x992fa2f7dba2278bc0cf96e28c7432c4ea700840","11.4863713612679","No"
"0x99c2e4708493b19baa116e26dfa0056f5a69a783","0.00995385083286068","No"
"0x9a6d26c413da1330e346ba1fb5992743ed84e30f","0.0219418822532827","No"
"0x9a7193ef45809a80d5b97df6f527de47b79073c5","0.00404895574808333","No"
"0x9acfa77ac7a3e0f5219628aaecac5be9ae4c53b8","0.215634859594714","No"
"0x9b137e21ea63e4787b18d6cb1257021659a5b2d0","5.3434743440815E-05","No"
"0x9b3bc2b4d02ecd3d4da9a5e76a15e6349c09a0d4","0.317219328613953","No"
"0x9b3ea2ad6ae4fe93ce5a5c1453d1d2da1dc0916e","106.977208354539","No"
"0x9b4e606f9f5025417a5f9a32429ecdfc0cb64b30","2.01843945818667","No"
"0x9b82000e91b3c256ec0b41b07c4b19d8e3c0bdee","0.53024959309362","No"
"0x9ba8007fa92af1355228cfd0d3aeecd1d7495cb9","0.545169767733542","No"
"0x9c94a4c40a327da10931a983c226c84f2b8daaaf","0.534163134692396","No"
"0x9d95e67f1b30610f58fd6d4588a11f851f2818d9","0.0552705175388882","No"
"0x9ea43c07c878afd8d7d24b69ec54b96a0f5d2b6b","0.285597194425455","No"
"0x9f6630d80167304de95019051eb8b7792ceddb89","0.00798291925785336","No"
"0x9ff615eeadb077f90c0cb32cd85f110cd2e4b9b6","1.16364669627676","No"
"0xa0490a2629924cec98d56e8d5de12651db35138a","0.036446194103296","No"
"0xa086b83fde20ec51a3dd8876cd7cac8faefaac69","0.152907755234518","No"
"0xa0f746bce0e0f34aa8eabeaa837edf70281e9871","1.12082050288472","No"
"0xa12ae3ebf9a3ebbeb0fa77d56848209ced868f60","0.0914638673868345","No"
"0xa146c76e563f49d68bc823b8efab47e7d7b9525d","0.596412342086613","No"
"0xa181a3c3460ad5a2650f380352e3e68111e3d60e","1.0969119091573","No"
"0xa23b6b2288e804067eb4cd123a0929613eac22ac","0.508556741708408","No"
"0xa2906940a26951896276b6509b58814b0aa52450","0.108321415126583","No"
"0xa2e369206b240dd7788be1bc5ff53c8315d39417","0.328646457369303","No"
"0xa31190eef76d4fecc685c5cd66ecf6e15aa323bc","0.583992407116888","No"
"0xa369c5e0b016385327713ae767f386bb1f215477","0.067929664835734","No"
"0xa392d7d15dc5b586b80e18722c1d9388a27ec66a","0.125852651568493","No"
"0xa3a62ca46709777a739d78672492caacc63037d5","0.0279468031213102","No"
"0xa3a8f41160a4e8789f9aca6debb61a1df83acd06","0.192801746576638","No"
"0xa4f2fafc50c102670d59b3b9e866765b678d465e","0.0322018420710353","No"
"0xa4f89aa46a70431a6b16e797fa34f8e862a9c07b","0.209684174016296","No"
"0xa59b7e1a3bf690fb32cfb42306ae15eeb48603be","0.0204610482034524","No"
"0xa5a3a3cfa178ade9e2a5ef430877f0c462eef390","0.359423592163329","No"
"0xa5d03dfabca4bb20d7a9f24fa31c0c662419d33e","9.43931910040549","No"
"0xa5e530e5ad4d8c829c433984bae2da944edf2b5c","3.07076369364628","No"
"0xa6b65e3e90236f1931f02ce71c813798ea6b3256","29.1799554651858","No"
"0xa77ad396c5ba7aa544cadb63931702520b25178b","0.0562191330211999","No"
"0xa836c9d2ff3533af4f7f32ce596caa48e33fb3bd","1.57413686386105","No"
"0xa8d324814265bc66e96ddd31bc6f61b6cd85e9aa","0.000483276532002825","No"
"0xa8db5672824488e9152c58dd7da00c365d5dfdf8","0.149013722405897","No"
"0xa97f5b7b4bd6c1172366f01a73058e66126f623a","6.97313042341138","No"
"0xa9829a6107a0a26f3a05b1974a495ce3af0c5593","3.13949963653707","No"
"0xa9a02961b5488f6732987d4622aa9a9cb85136ef","0.00257977601182238","No"
"0xa9b613c828dcf8060641508569da6168927d9180","0.0407968960551295","No"
"0xa9be39178caefc2fbdea15f2d90ae6f92eb35f14","0.116039686130138","No"
"0xa9f609bae571f98642268ddf2ecf3742e2e6d224","0.0176524172655534","No"
"0xaa2e05e83e70d79c04b84312ee5a280c40da983a","0.0664559585557975","No"
"0xaa658fad3e9ae71c26f99dc1eb44b72cdd77eaff","1.15759135086093","No"
"0xaa8f83076d66872c51f29dde98dbc2e6ccab8d4c","1.85325276521242","No"
"0xaaad9e03a25615d0988b3dea2660c7691f7103a2","0.080804630515648","No"
"0xaab4b20506bb66c3279fdb463af50fc7fe3670e9","0.00379699047943051","No"
"0xaaff9dbe4aba011ac56b48119dc734d7c6a46ca4","0.870156966632649","No"
"0xab20ff632d5b5192575a40ca4b11f2f462d90e52","0.141613175090104","No"
"0xab5d3c942ed079c080e306e2b9292b570966503e","0.109654472891306","No"
"0xab7c603453fc9d41e9e75c62e8587bb78a1be50c","1.5343141028921E-05","No"
"0xabc5e0c2a37ecaf62225830a28032a77f789f725","0.45759502961509","No"
"0xac0ba96f84e724a43f8bb7434d859f2c70fbecd5","0.555249605264637","No"
"0xac1e5d344df8d3591ae2d263eda5bb00e3244dc2","0.102993041206628","No"
"0xac51a65458957f2e1feccf2e21ceca4b779e1c9d","0.966777721329265","No"
"0xac8c73e499f337e9b5d4f6055b1fb20f1d588191","0.712455119205154","No"
"0xac9ac50d7b4f2e5b51c2406fdca1fdd5a56b8de7","0.548250244486258","No"
"0xace1853c8ea6caa69db314d1d036a109caa298b2","0.808316117755394","No"
"0xad245c89594378e9fcb018c2a7ccf2b194c7abc5","0.123912310527294","No"
"0xad397e96954290f9b708aa9b36407d46a6e2e614","1.09929422061099","No"
"0xadf8b61d6e09fc9a3e2a84b486c95c86b97ca3b4","0.043658977680902","No"
"0xae6f36c0169864d8a6fa95e4666833135aac7dc7","0.264205772206002","No"
"0xae756a744bf1be32bbec4da16c276dc983308a23","0.0779679145436013","No"
"0xaeaf53ce24bef2c5977720361b4cb4bc2ed9ecac","2.12315064034863","No"
"0xaec96376cd40d918e91ddaff2eaffbae5380864d","10.3756645682317","No"
"0xaf1634fe40eafaa52ec5e4978c06ed9ccc2c5c63","0.00189744780624813","No"
"0xaf83ad89b70867ed809a8ec7f3b6257afbc06557","0.0267256758251526","No"
"0xafe713574ea1070b5147ccfaf7d39d3725f460d9","0.187385329690249","No"
"0xaff0af58143f390c7d4bad7acd68a7b886a85013","0.000792580369001333","No"
"0xb02e506b8fc2c265dae2cc4a29e394d6c050808e","11.3673799919917","No"
"0xb05a0d3832b1a308d60eeec1b3a1182aae0a38d5","1.10926540584036","No"
"0xb0626b4d87c4a69744ab056ec9f0074922a909f6","0.0048615529886668","No"
"0xb08a8a12e9b08fb299a1653b40375f6ec3ef53b8","25.5493425163244","No"
"0xb0ca1e11b193ac9fecf76f2ae8875e85f949fbfb","2.08455765964814","No"
"0xb0f78b6373f45e552fb07d9a6d52d467d21ca9e3","0.0458767684571944","No"
"0xb11fe188e7c957a1db0ce6d11bddef5c53ce80d9","0.00413118514440092","No"
"0xb147d0614e40d7f5e87ab6cb452f3545ab9c13dd","0.0834236914020511","No"
"0xb1682a8bde9ad01a85a63cf2223bb1025523ba45","2.30163577482569","No"
"0xb18a189edb48694aaccaaa4bdd2e922bd787e76f","6.1298616051915E-05","No"
"0xb18da359123e3f3f59784869f509fdfffa7dc2cf","3.46681028529943","No"
"0xb1d2c7c715e74bbb003b6360f4b6dfe8be325fb3","0.000914508258671052","No"
"0xb1eb8f50cf1be0db6fddd35f064f56b9c4fa1505","0.114979661801371","No"
"0xb1f1f1ed123f3395ded1d31b18353246e21bdf87","1.57505757224488","No"
"0xb1fda13e8ef9779d74b5b8ee252c577f5ed3347d","0.0739465194229867","No"
"0xb2120849cb110502f5a4592e147b071494b8222e","0.177113803489193","No"
"0xb215b2dde6e38d4e8767fdeab3a35234662807a6","0.101480231778411","No"
"0xb23c0de2d546ecb88a012dee063e7ca5f43f678f","0.0362747609022157","No"
"0xb24e4a4411988ea45bf04169048a4b3064ee7fc9","1.14879473071235","No"
"0xb286a69751da07df31eb2f9962bec077f351b0b1","0.293423489492241","No"
"0xb312e1e7a198626ebfde4567c2d3c74f9a930514","0.122219845021775","No"
"0xb34be8fed7336ec66dfa012eee535fcf40c047f3","0.274452255751746","No"
"0xb4b6cb1775592e7119e711f761067750f38c5f03","0.0583226049279096","No"
"0xb5228d51fc7fe0cecb571ea33dc96e892035fe41","0.00520919295588805","No"
"0xb549d7f751699a4d4413275955babccb539e5079","0.0404880874184055","No"
"0xb5677a32458384ec4728a20693c99206410608cf","0.860369959225278","No"
"0xb5cabf0bd9b86b686e2e2ce75bdeae953fb3901d","0.0710905807410267","No"
"0xb5f6d7e19c25d28d89f341ce39c4aaf90f88bd74","1.30124649363683","No"
"0xb63ae8a645c3dcf16a3f5a8c475345e5c5ef27e8","0.475457788456698","No"
"0xb664415eeffbd66d7b3553cd74128190cea4401b","0.00221514497360801","No"
"0xb6a973a18c59d5d629d960e6bdfe6f363361a9c4","0.115348617941962","No"
"0xb6af53c5944ddcc2e5c0d84355f08afdb998966d","0.0636082022370346","No"
"0xb72f10f7f36ba787453f04ae3deefb522f066a8d","0.324657576051754","No"
"0xb7396d65ac352471dbbeffc94baf8ef3a7251a6b","0.436510415130944","No"
"0xb754e8afa81935a07274a421f8ca38a48ddb143c","0.192614848561424","No"
"0xb761b171d38d398f2f1c99faf10dc4639ebf198f","0.00567728079435769","No"
"0xb7773798132396280e948c5555f1f7cbe3af60bf","0.00303108610786767","No"
"0xb77f9d484e8ecf7d3085e85f4d4d66807b8857ca","0.111697686169916","No"
"0xb7b1cc940cc88640089028d4910de22e39e6d117","0.0406664896964805","No"
"0xb82b7a46df1c39cd7ce2c27d41d0346c6558b404","0.670928930101563","No"
"0xb835f2736a2bafafb8e4a250fe130dc08b74006e","0.00575318797664458","No"
"0xb853cf963e4ea12db49acc44fb0c3eb4bae3c196","0.0450163866916296","No"
"0xb894bd1188ef0fcaebb1a52a94dd9d0ddce2f7f5","2.96291082776683","No"
"0xb8fc63d3a1bc968744d2c5a63247efbb83cd18b6","1.34782599380774","No"
"0xb9ccf223977d7f0a1b61da1b614b81ace8b0b3d5","1.15540399973812","No"
"0xb9cea4b763674c3370f6d086a112bc0d4a44b9a2","0.112876155518065","No"
"0xb9d51e9c012c6bb5e6f54697b399cb0d7fb352bb","0.0142104383243175","No"
"0xba944abd6ad261b220dcc8ba6b53410cb024fcb1","0.0310106561096947","No"
"0xbad84ec71ee838d3826f69053315aa229ac1a164","0.273465946505705","No"
"0xbaec6e3a6615004fd8ef3f1a3a515baca1192eb6","0.0576265291057369","No"
"0xbaf20c6808bff5a2720801da368f20758ecece2a","159.322486801177","No"
"0xbb4b5c6b45908ca5c6fef1aee587d9237202b924","10.5999646004572","No"
"0xbb8f1e21c7cd15e9139743597920bc7df3b191f3","0.0812311672330133","No"
"0xbc110e46628c408ade1f675ca4965b24b5065e1f","0.0596223017505016","No"
"0xbc1de5ffb7d0f219ad4d4a555eae54acdcf3fa2e","0.25542625403617","No"
"0xbc3f3cf0c356511e6ed250c58b8a23db54e6475b","21.0220346732958","No"
"0xbcbad7e8c196ed9c17959af49964f9bee9d9c1ae","0.104110768625709","No"
"0xbce03405638247f5ca3ea767b2367b1af307ea81","0.290644053671527","No"
"0xbd18493b34eea4b491072584ab532fe55678b36c","0.0249336698075135","No"
"0xbd5e42b6434a3d3099a355c8aeecaf642f73de0e","4.60914431196995","No"
"0xbd694d254b52152509882e43bbf9d79105d4957e","0.000204911637045784","No"
"0xbd7fbaf67cf30b5b95f646823dd0bc096e646b08","0.124740148397156","No"
"0xbdc89b5fc33216478eaa71ebccd94b093172033c","0.0634943121749781","No"
"0xbdfc63205996d5e5723c91dbe9803ef4719f3e80","0.137508102973252","No"
"0xbe039728874e6525bc2aa02d49f84022c18c0fbf","0.271938313160279","No"
"0xbe0630e6dcc23f642cc87c5f744b3d28a5d1f5cd","1.52199813842646","No"
"0xbe5edd9dd8f085dc25e0eb62c5235bcd597a2d7e","0.00505611274178632","No"
"0xbeef1efee5938c2bb2fd99f5fb7ee015c3d81c76","0.0130763465171594","No"
"0xbf039b78275caa65e4b82df1cb74a84ebbfd883d","0.0072699222351073","No"
"0xbf0d038f5cd756a735c3e1a2f9754bd6c01567c9","0.425550911711418","No"
"0xbf4113cb97b794b5be0cbc1f4fb9399e27ebf10f","0.233876306669323","No"
"0xbf7f1769664e2a97b81a2d46b2fe2e98c1706321","0.650856562191008","No"
"0xbf89c2014ed9245342bc9ff28275561692a4866e","0.523640879219505","No"
"0xbfaf0d8ff7f70fc2f13edf0d22406aea5a4fa156","0.389084618706486","No"
"0xbfe29c0b6888adc3801dbf401f790816116ce20c","0.00137617791770028","No"
"0xbff617eb937744c37b8b71e34c71337d8d270328","0.527487878293373","No"
"0xc02e71f82f883b2b62913f72ff9e9e8edad2a290","0.515282710104512","No"
"0xc0515b10d5eddc1f57c066cb474eee2fcbacb1c1","0.980374113388658","No"
"0xc06bd1e348b1450c39ee5c03067c2f1581a10988","1.08835181313528","No"
"0xc06ccd2a5d18ab407a2b791d3f88fc9398fda54e","0.0241190537784675","No"
"0xc070dafc1dd968e5ab8bf6ed7063f12db41a2189","0.182818005456811","No"
"0xc0801946f7c135676259cb9b15740cf75b9a2ca7","0.0164117876385755","No"
"0xc0a8f60baa29260560a6297fa7a196bf0ed7ea9d","0.0191628321326145","No"
"0xc0c0168753b54dd657873cd2749b8dbfd8778ea8","0.0611291336287266","No"
"0xc0c21f1ae0c7c194a76168288dd251e0cd551ac4","0.68576692092758","No"
"0xc0cf6a8920ff702577505be34a43981145380bea","0.105618115211391","No"
"0xc0d47ae3b0972b02abdd1bb168f32f162f26dd4b","0.168367009329727","No"
"0xc0db5b4b2eacf8a76b7e6ee85637df1b6a3b6a95","0.568609968426134","No"
"0xc1a780adbdd8eddbc580e1a1ea4411a6feaa9be6","5.34518430172557","No"
"0xc1caa71b27f6548f30a5ee8ca07b11a3d1362d99","1.10042203418632","No"
"0xc22fa161047135dd0a0bad933e85c20020b69023","0.128636115043826","No"
"0xc25b8fd380755af384a8ee6a2afba973b0030675","1.09018715291642","No"
"0xc2ae24a8ca7873f78a6613e8d0bb78bdcd616c33","0.113862003309977","No"
"0xc38adfa60b623e5581af80cbe9d9165d515e3a96","0.171433748897658","No"
"0xc397a276a6fa3747bbbe724da6b624c279208ffd","0.00838861775305064","No"
"0xc3bfe2b39c75e81c250bdf4c9d3aad57ba171184","0.00456079079791902","No"
"0xc3ebf192e1aff802217a08fd6b2eedbbd4d87334","0.470846848841926","No"
"0xc4417f80695f9198d91b233f707eb73bad529497","0.615020206740858","No"
"0xc4e75f8ad95a52753d820c5ff055c437d9ba1c21","2.07259024525996","No"
"0xc50dfd75ffbda51b249444ed21fec4dc297d4350","0.533809068995425","No"
"0xc59618b1a6717288b3070590025b65c05d229ba5","0.00198529455677062","No"
"0xc631c7585b6c6b86e5c814e3c113f535ee2c9f97","0.273451540145541","No"
"0xc763b85e28d12b9562d0258a750640c843a868db","1.70933321464986","No"
"0xc76f4bd0b7e094c3963916d13fd037b5af4c7694","0.850125926409091","No"
"0xc851615780cf28b14654288f21b9989463d11207","3.75231730014084","No"
"0xc866f484f651231492c41d44c620de9b76e01e7f","0.00516337884053362","No"
"0xc8f9158a784503d99380078dd1e46e9d4c05d488","0.198550130866263","No"
"0xc8f9c074cbd381a46d7363009ddd09e76ef6f025","0.93339909891015","No"
"0xc9330369b0a3ae3489c15705a693905a340c46d2","0.00421143903931137","No"
"0xc93fea95e2e86eb8d1a7d55181f320dfb616016b","0.0968131388308506","No"
"0xc9413b7560dc0f3c1a3a8a25d861dfdab538e86c","0.258257128402213","No"
"0xc9500e5746e15eddd46e0d45115d913694169c27","1.87524423815379","No"
"0xc96c9bf3e28d47827e884afce9de98c9fa7b3271","0.147086595758293","No"
"0xc98c19c6d59c963c967a78c4b44f91bf54849b82","0.422821994723152","No"
"0xc9b25fc1429bd9e748f59acbba1d4789e3bf11f2","0.000111180910200923","No"
"0xca8ec628aeefcc12377d63d5b32dac07da3f0dd1","3.69424546811967","No"
"0xca919483c2308740dbbf13c718797bc836b58b8c","0.0553051543959513","No"
"0xcaa42f09af66a8bae3a7445a7f63dad97c11638b","0.000344827586206896","No"
"0xcb13f964dece4c8314f1a6962f9d080dfaaa27cf","0.245068624737943","No"
"0xcb2cfdddfb4e9cd048ed7f640b14ba13e99dddce","0.0140678116239343","No"
"0xcb703e4246716242526ca15d807324f3fd645d61","0.166409729406573","No"
"0xcbf40bb3cab67a57193e74185023c4ece8426eb2","2.20694686801338","No"
"0xcc285a78df677c44ed40cd3c662c3fba2aae880b","0.000289405874354576","No"
"0xcc5de5699eddc2b983f55188477a1b9fc0b8d485","0.52346541563672","No"
"0xcc9a36d7ee4a616ab78d8d9b93cc846b28f1b51a","0.0557251547215356","No"
"0xcced6b8a197eb40033c2dbb6fb91a41e6ba908d9","0.50451421601345","No"
"0xcd2c5130ebcfedbccdb2ca3dfb6da8ae614777ec","0.594260164624995","No"
"0xcd4210837c061cf3e55d6b645ea856343562dc2a","0.750062602304394","No"
"0xcd748958699f52495054bd5a434e26a9752b94fa","0.0465479984844193","No"
"0xcd7ede60cb3fb13e160dbcecf3137d1c0c5fef5b","0.184519470945329","No"
"0xcdb286bcae63754f53ea264aa2b107c3f230f695","2.71983910745183","No"
"0xce05208c29d153a11f9bc09135a22afd3062dc8b","0.0449135818916875","No"
"0xce0e17b2dd38298cc589a5b39671cd055420346e","0.00177229532984797","No"
"0xce77dbc460de2a6308323253f5ee171f5e298edb","0.000480558701521225","No"
"0xcec74d380f36875f51da9d79e92b3cf070c6597c","5.43395014218456","No"
"0xcec9bf908bae3e33cb22d9dd427d29471e58f21e","0.0394409431815063","No"
"0xcecac22840858ad7fb63c3eef675fc9086e2642f","0.0285424387756865","No"
"0xced3ea40eb477a135a26bfe0c4024b20a6b52c1b","0.537987573241276","No"
"0xcf15596dadbaaec3c604e6bbcc5900a4b2a489f9","0.454557010033877","No"
"0xd00c8f40612354641f6ab43b2699d46d3cd6ad88","0.011178609751527","No"
"0xd0ed65a01429e5ef6ec027af3ca6b8d70649c0d9","0.0977465516259369","No"
"0xd100a39091a56107339093ba5dafedb4b3f5c9e7","0.558407368245159","No"
"0xd15a4a1975b4ede7e11be54e2ee33b6801668e94","0.0730928976275396","No"
"0xd18c710d2b31064c3b7de5795ec788ec978653bc","0.0803772717894071","No"
"0xd1b5d86554c8a4334ca4091a9677eb4fbabe40fb","0.316022371161592","No"
"0xd1b9b17ba11655e5c81b09a81f381ca2b00a856e","0.105075489481377","No"
"0xd1d05ff14b69e4856fd9e301d716e0eff0e7de97","19.1300313676597","No"
"0xd27e6f302f2680e804919c8b8137e15e1c100555","0.532063778830142","No"
"0xd2a7b8a16ec6f734606ca79bdacf7b841304cd48","0.566741764740031","No"
"0xd2a9e07cd7c46d92c796608dc9ac6267c205f693","0.0268869195481861","No"
"0xd387ba18826452cb23d79211bc644470029d40df","0.551961211568589","No"
"0xd3a9438c9ab4be11791868ed473e315c64f5052b","0.0100688852433739","No"
"0xd3ccf10d68b5db2041ccdc9109229ee26ecd6496","5.30074011969853","No"
"0xd3f3cebceeb5939f2aff7499c1234ae471159dac","0.146271714770283","No"
"0xd49b4bc33d2a3f09f94435e4167af4b03d1c87e7","0.360398958317164","No"
"0xd4aab841658d219906f51848bd991a4af3be1f8b","0.079850342759143","No"
"0xd4c4d64c869d2fa58cbebae162ca386669d854db","0.00749580256054898","No"
"0xd52de31a3d2e57194f79fe5f3bb7bd91302eaa61","0.0158414983842226","No"
"0xd57631c7c1b1d2585deb373a13b1d8bf01510d5a","0.00655914855963335","No"
"0xd58b137da7293db55a56eb77e528d77bd4369cc1","0.0163695644271325","No"
"0xd5fa645ac6ef7bbfccb5a785698a9d4da4ce82ea","0.117961717456053","No"
"0xd6755e4556b2b11481e75462d71d4a243d2ce6cc","0.636665690798061","No"
"0xd6dd5bfa4615c2bb7ee1ac5dffc34b84aef6f8e1","0.572637955444731","No"
"0xd6e0bbc9897111892f600355e808ecf6fcc46670","0.304425764403902","No"
"0xd77894a48a7bcb1971f5d307ac4f0a2d7d41a4f2","0.00163099136671267","No"
"0xd79f909138085994dc23da207454991799f5f86f","0.0524256253600277","No"
"0xd883782e181ff170a5364968ab7278a3169026a3","0.16635465170541","No"
"0xd902846499ad9930d748f5dd9b4ddd2d0be8ef30","0.50978105962027","No"
"0xd90720b63f0c83171d72e2a112a61c74ed92ecdb","0.320186017221905","No"
"0xd95adb1ccb95e7e147096b04bbd6ba65ccef01aa","0.0338260531204292","No"
"0xd996e4d824e9416f3a56e512ee8f75eb6f1c1291","0.547101426276508","No"
"0xd9bf1b5d90fcb57b0b3ba3decc5da322b3e5ca87","0.846627069093508","No"
"0xdaca5fc617f0d124edf7ea9fcc3e92fc8a35eb3e","0.203665959391357","No"
"0xdacb64b22a800d1112f0b05169b026fc95850bd9","0.499733888372414","No"
"0xdacf3596a1e72d8ef11554e11920deef0dd0557f","0.00708291401221086","No"
"0xdad8e2bb61faca9df45e159ca08b3436f408ae04","0.078394219598711","No"
"0xdade62f4b12766128b92e553a79fde483b7b5356","0.925424209952099","No"
"0xdaec02d97537d7c0fe3a53243e71cbd041ba7db5","0.069083183190094","No"
"0xdb44f200ba920f39070ef760aaffa5aa056a23de","0.117600425355903","No"
"0xdb46fbbcafc9513d19323c456c4e11128a55f424","3.29148062853126","No"
"0xdb999246f62a658c075aed29a3cac02befc238f1","1.26567656847687","No"
"0xdb9e7292984b3724284e6e61f329cf6225acf9aa","7.45509969902298","No"
"0xdbad46fe6725ace5ae1209a534208f951427b772","0.609081799658903","No"
"0xdbe47d384cc2720d847f405406c39e3bdf7cae78","0.018552926729699","No"
"0xdc2915d997868fc04746db9dc645980d7218e727","0.529127518112805","No"
"0xdc57a6a58bc4935ab137e538501a3e006a1aa719","1.72432700902576","No"
"0xdc62f764fe57b13600b2ddc77d7c5de0b41f8303","0.00312304406117556","No"
"0xdc6ab6cf64629914a9e54b5f197e98a5b8018826","0.0174942999788546","No"
"0xdcc24ad3e9e6b781b7f9931593cf9fdefe6843e4","0.00647157373754829","No"
"0xdd8e611f76983955efcf6d78d36179e14ebbf3c3","1.25759628108736","No"
"0xddf77cf63613734960332d015edaf2f543548364","3.34261325641308","No"
"0xde1f15ab10d4b6378cc782aaeddfc2a1293e2808","1.06853835137916","No"
"0xde455e9190b44b1d2a30150cff6ab7cde2f70c4a","0.03215873837129","No"
"0xdec641999c6fa7c74d98041d49fc83ae7f7281e9","1.15311623246773","No"
"0xdf67ba085afea13e1548478a16844ebc0994ed3b","0.00091442145101044","No"
"0xdf946d2bc1860685254ccb2ad6d78466d3729460","0.0769808216141836","No"
"0xdfde47fee80cf2c303bfb10b68818d943257247c","0.603924628831215","No"
"0xe008e79472f7f7ae86454cbcf26f8422cb64a24b","0.00205677607179882","No"
"0xe00dedf33f7051f08c9ea85f1d2510bca847d34f","0.0414152151533767","No"
"0xe02fe358553db1c1e47004ef59895e3894fab3e6","1.74333054221225","No"
"0xe059306f039de070ad5fa22dacf3e4f63f6ad088","1.0832902311833E-05","No"
"0xe0615a34747bcf6e3c82976ad5e98b1c455abaf6","2.11954569828319","No"
"0xe0a039b136f28e44b12e32e6b429a7a7cd9f91fb","0.0384398169310244","No"
"0xe0b9286cfa4f10b1956f837a09d1e6ab8c5312ef","0.017103181099145","No"
"0xe0f3557d595d3e72fc5969ae3cb2917d38bb1ec8","1.80658663512309","No"
"0xe15d99ce0fa13c6ae02b20b18f7453eba8598172","1.51745470390213","No"
"0xe24aabe3cc53f8d3876ad6ad7f09e751f8f516d0","0.458601358204991","No"
"0xe277b4d201b7a4fe943519f7cfabc83b8aee6177","0.182705879321439","No"
"0xe341d840bb3b7756ba1469500144978bde4c02a4","0.0112597280278293","No"
"0xe35936cf727af316a31c6ebe956e6dcd441c2706","1.10626344997515","No"
"0xe3c52715db1a2cd0c7b671bacb9821d06e445ff6","0.78356563890779","No"
"0xe49ec25fb0167ff7389e4d04ce427f55ba000079","0.000594635363934437","No"
"0xe4a3c8ea763789a75e2cc102829412da256f576f","1.57264928285247","No"
"0xe4a718104474da81790a305bcec5cf98c0359a10","3.78641356242915","No"
"0xe4afd8c4123d00faf8f7e48d4518fb8aa4b35613","0.0483035429696124","No"
"0xe5049d82716491937039f5802fce7f87726202e7","2.86028999096574","No"
"0xe55119d1c47ec2f3c6cb6254c492f955dd667968","1.32020549820497","No"
"0xe55bc78882b526a7a28c42bc3aa3f263422ebe7d","0.00475981105661649","No"
"0xe580f3cc00de0d1754578bf2fff5517ec52b3766","0.0106205822720554","No"
"0xe5878969498a6b289991c6e2558e76a049d49525","0.318723528487564","No"
"0xe685dac8d451e8b50bf20705e9ea2c737e17b13a","0.136641197672181","No"
"0xe6acb269fc4e03d2cd10503188b0996799d4f9c6","0.26111843491627","No"
"0xe6b3ad01a8ee2a8d65a116bfa3ed2e5f65e2e939","0.0113101630569968","No"
"0xe71f2708641fb72fb9926ddc4434bab9c6427570","0.0078759069224271","No"
"0xe7abbe42e559469c2f0948357060df64b52e65bb","0.0232736124538111","No"
"0xe804a412decb0ecd06677e2e9a220405cd69581c","0.158623658699446","No"
"0xe813ca03d3b519edbc91a116f2ab7ddaba9f9b10","0.00612502224196889","No"
"0xe92c77add1e7872f51585d9122cfb764ef8dd9d9","0.84425497081016","No"
"0xe938c595b5d3057b3fb2e02b1d1bc6735e15da9a","0.727495774788522","No"
"0xe93f560367c8884d7c41d13d117b124870b4177f","0.278965443080154","No"
"0xe95a917dd5112da32d6a153829ee68dc739aee05","0.0536047146488406","No"
"0xea00fc641a817e5f3eded4743aac7ab08dbf74b0","17.0750502415775","No"
"0xea80928510d054dbcf04baa75317704e9628d26f","0.0863726801379806","No"
"0xea92a75e38227bdb365d9bb3cc1c12026681b9ae","0.253699866342269","No"
"0xeab6bbd8538c134836a53d68b0c6f0bc1b6fd58c","0.312998270331306","No"
"0xeacc75c34dd137af89224304ebdabf5944643ad7","0.036680895102408","No"
"0xeb7989a7c04b70cea2bef6c2160ab7afca2a0d98","1.0395306444422","No"
"0xeb7b49e5c04cda0f2fd0ecb84e76dc4b22e39df5","0.00314262449932758","No"
"0xeb905ef9363f9a2a04919c9adb7c2aa7ecd29703","0.0321673409166024","No"
"0xeb93dd53fa96207459e9775123c1681a0c91fb1d","1.24825495310326","No"
"0xebdf5624146db430fa85f28a0929bba7e00af9c7","0.804803802406541","No"
"0xec641b5afa871cf097f3b375d8c77284b5ae235c","0.0493302351447121","No"
"0xecf68742d0d92cacf0a6959d8c065e8de765b987","0.157815458398946","No"
"0xed058986ef86fc58c0a90bd3415746de4147e26c","0.0675703942694924","No"
"0xed228571857a2dfc3a19e5b920c5a5300b02bbee","0.467799952679964","No"
"0xed3b5c945eaa7a2fe181366064c423a2d53f463a","0.0314768934299809","No"
"0xed54141e87ecfbf6a48fe9b643d5ab908dac7ec6","0.0739037546679095","No"
"0xedb10807a029f419c8f0fd541000e743eb6fa438","0.0403322778709424","No"
"0xede46de42a2f55ee802d64b31c434fdd318702f3","0.0966539852685844","No"
"0xee275d6350839572fd5a4f08b49dc8bbfc6be42b","0.0401244069262558","No"
"0xee339bb93cbe5b65f0e191806150acddd2384647","0.00856704098749324","No"
"0xeee1e314eec2c3161cb2193e3d7d64b45d6c284e","2.15929490683878","No"
"0xef0b154f2cc3a35fef1a5447ac6455adf7d6ad29","0.095778069544211","No"
"0xefa33b5d51610dbd2b302c7d38cbaf682da78adc","0.0154258981257043","No"
"0xeff123dc74fcb211b475faec54accae4e96ab4e1","2.9207594481711E-05","No"
"0xeffdab7c99c0c9c4da0a3498736b7e7af39d2c32","0.0707968817419248","No"
"0xf042b118fa11efbf7790b944f3c4f6e41fe326d5","0.0799247169255703","No"
"0xf0435515f74ddcdba208c0edc0145f69b3cd1176","0.538294363117424","No"
"0xf06c1e37a22e5f0c38fe80c7757bc2e991315169","0.0816602015615631","No"
"0xf0af35a908c7b3021af0cd98f898d2bf144c102b","0.00302417590665855","No"
"0xf0afe45390585a1e5ef6e869e2dc53e5284add5a","0.0957608003127979","No"
"0xf0ebaee15e84cddbcc2c025f48d36c00514ec817","0.212824857115221","No"
"0xf1117b98c8f064f0f9b93232a01cd846603e75c4","0.00636042910830294","No"
"0xf12b6bfd5772f48c7455661ebbc7a00e548b22c3","0.0496751664844023","No"
"0xf1c0e06d3de190b81a5f20435ac38be2b6e8551c","0.560915553109436","No"
"0xf203840d1d187d2a6fe4e9e2f62a5181a0e07061","0.535588500006963","No"
"0xf212a3c997a938291b08fb031996f9f024e041d8","1.81230977563653","No"
"0xf21f5c98fc3d5ae6a3a8188cd07c379c97460980","0.833853664448717","No"
"0xf2218b1173ef3fb8b32179941e8316d00d0d2fb1","0.0180959954158301","No"
"0xf2269546983d67f2a2975cf389fdc69e4546bb54","0.527394121765577","No"
"0xf28772f5cd1b251a7db41fa71e982fa1132b618f","0.101072678946512","No"
"0xf29405b0489c955c4a6e422aae503f76296f0227","0.390902366889053","No"
"0xf2fa7b35e144e55d6f32b15bb5920a8643222dce","7.28980268724438","No"
"0xf32f215b5a0679ec61baecad182a388751866071","0.715292225573276","No"
"0xf3d6165069d001495aab3cd05bd1358812bbf423","0.525381050536609","No"
"0xf42edbeefb59c4844e62b87c825c5e21fe077911","0.0547676712674292","No"
"0xf48019272493ccec104c57f7dbaba003b91bb784","0.00595596371789334","No"
"0xf4aabec2c94c06ecb877f2dad0e4ade6b6e926f2","0.0581225088723112","No"
"0xf4caa57efdfec8a0cbe4c87e4144cb08071a623b","0.286309188603858","No"
"0xf4ec160462d833b2dad12aed0f2663914a9372c7","0.0354921973076049","No"
"0xf50bf659746b29b7317502b8d08257decfa1d474","0.126116729724448","No"
"0xf53b62171b9b057c41e52770dcc33b347d048c15","0.434112282187041","No"
"0xf59f7839437cc470a0d5f6cd55c45108ad1ccf44","5.86061513044503","No"
"0xf6114c935f6ad52631fb65730232106a5275fc3e","0.611137328769726","No"
"0xf632b32c7082fdcde51cd30214a980b9e44e23c8","0.111933921844771","No"
"0xf6af58d5b61dbaeb44cb7e9ce93a85d84b4fd5c4","0.0074670228561713","No"
"0xf6e8b9b341c3db9a15dedc7415ccf6cc9cd5473d","0.0171851658475906","No"
"0xf6f7ee7673078254c62def68f57a9a98b1510d4a","0.00530683964635282","No"
"0xf712a816ecc74d4b64e2bdd74d945be71d6e3980","0.323885049065139","No"
"0xf71cd3d9637708475be0d11e80dda37298fc50ad","0.418016081627709","No"
"0xf73c1bafcce45da271a2ef90449a6cb0fdefd2aa","0.111184356743998","No"
"0xf76c963c23e54c2b047bbea38946e3fa0d19dd53","0.399335869061174","No"
"0xf79e52b852ce9b3594b9ded2dbd17750de6ff707","0.000732527618192787","No"
"0xf83a646de997d6c9c44e3b7c48f6ddbb3eba715b","0.0159353940612627","No"
"0xf83e2c8ba2b72da747df7a50e86d9ad2ff555ade","0.551700038026493","No"
"0xf886f503fdccb398d7b6d4787d8d74298ecfa032","0.0356238986188882","No"
"0xf89b32f47fc1fce054f463ea5f8bbf47d7273582","0.015705280305569","No"
"0xf8d374c97e1f946a9ad413438b9d10e1304f74ec","0.116673996415007","No"
"0xf90b371c0368b3f5a2a047d771e6740f0b37b30a","0.0152119503244001","No"
"0xf948cc0fba33a02b591461306767683365eafc2b","0.02677171289361","No"
"0xf9d8b9d2546ca46ce8a583178b725c0f6d6e706c","0.0062347014343895","No"
"0xfa1c78d702189cd2cdff37cf0baa9a22c25b3134","0.379399071123895","No"
"0xfa36686bcbed433862e164f6764d47f295ae0434","0.0248603031827084","No"
"0xfa4ec5c7c44de10af7d3badf77641edd4e0de7a7","0.0343513417088944","No"
"0xfb477436efc11179d30a676bd95654161763a991","0.0652398865540417","No"
"0xfb623381e5065e979620581e6eeadfafe1d6f5b7","0.137734988107754","No"
"0xfb9a4b577d6d47e055aefc6362e9d8d6e352ac99","0.0858526243101729","No"
"0xfbc3da4913cc048c98b68a110ba3015414265710","8.04322289492932","No"
"0xfbd7697d9b47bad6c52175a1d063d7e3847e2fbd","0.0674568009458377","No"
"0xfbe8ea7689964946c5b7603f7980f8aa62407e01","0.092260377099427","No"
"0xfc274dafdbaeb176e5fd1b4d8591c7638919c084","1.08502706059177","No"
"0xfc4af1243a4ee2cba44c3d85e431391f07ca4df5","0.0341483055967428","No"
"0xfc781b76c33e4a0f229d39a740b60c0ca6dc9450","0.554889727593747","No"
"0xfcabfc422893916f1269f0119c5aacea373643a4","0.0422319802506325","No"
"0xfcd9937ed60c45d8bc7faf77e0fb6e018001ab30","0.0310677323372864","No"
"0xfcf0df64999772748674ea2bda9f9c541407a029","0.0777809404836684","No"
"0xfd5812b3109f8b2eab4bb984a350fd30a621d885","16.6849429646524","No"
"0xfd969fb55f12c2a97928ed1ce0623110554b763f","36.6913232519323","No"
"0xfddc9973fcfb5a9c1a93d3998646202694463b65","0.0026772208451653","No"
"0xfe69710e79fdaafe88e3eaa9289f7b0c779e98fd","1.06531999953226","No"
"0xfe6d9c2a81e50d81aa455786f9e04a7dd2df4553","0.131642600561315","No"
"0xfe79cd2b485327477728a38ad044601977661819","0.13244970871169","No"
"0xfecc2485c020812b2988880b63cd717ab3b68ea4","0.0857231317813732","No"
"0xff02e2b61b484cee35d2ffb164d9e0a29f6ff94f","0.26737882114682","No"
"0xff0a1cc4a9633c02a3bb3d6cb1de15e9b9691f3e","0.0359544493242975","No"
"0xff8338f1f99c80121ac48bf838b8330dab810434","0.0366580543742358","No"
"0xff8ba7a724cf0784b88cf5c3f94f46171833ab06","0.0209852468256336","No"
"0xff90e2396120659af6d09d651c99386492be3679","5.2213395E-11","No"
"0xffc0161955b6b62027ca808e55a6d91b0f22ef15","0.000888821229715455","No"