0x000dacc92445cd8a202a7d1fff7169472463a5c3,1.585431337049790738000000
0x013d2e4557e355707bc33ff6f759e57c042b1919,0.437858422159704212000000
0x01535b1c6e63a96b737877129a8f145e5b4f68aa,0.000000000000000000000000
0x0228d303473dba1d64a1ebdf22ffa011408bf93c,8.258382128279143204000000
0x0258087999b5688e8d33d49c78f272ff4b3ba927,0.000000000000000000000000
0x0294edc6058aa9cf0b007b8970b024163d4edb5e,0.000000000000000000000000
0x030138d2f5f2757daae2fbb8dfd18870ea908881,0.645251801313346532000000
0x033c9253c879131541a1c3962adde978c713a758,0.434429018045591107000000
0x045b52807dfa9286d37c08b1d12f36ba53d11f1b,36.443698277533462239000000
0x0500305cad17e399393ec6bce08e89538a04e329,0.168416537393570380000000
0x053ac328a48f875494e39b4bfb00c2b3466fc419,0.008023261384511287000000
0x05465b6a4986d589612abfc8cc93a11a9fabc112,0.524600615880016984000000
0x05c2974d048d90ec5bfa124b6369396727b900fd,0.000000000000000000000000
0x0626961543cd733e9dd434a276331f359bee8b70,0.000000000000000000000000
0x06ee67615c49bf38ccadb99268875cfc20ded69c,0.000000000000000000000000
0x07028a1120a31346b9cb95ba364e9e85ccf423eb,0.000000000000000000000000
0x07650be74365a4298c90e91bdb9897058353cd4c,0.000000000000000000000000
0x07882471821a803ea3b38ad7a9f220e116dc42bc,1.029142016932759104000000
0x07bb41dbf8bfeb0b509e3a2ad4b83a43ed89256c,36.166376035282343341000000
0x087bd4f8bee39c8f578abac533fdb35fd7f7a370,0.161810058468263121000000
0x08a71d07f0da94efd41d79ca36d75dde9059f2f3,8.068510015075954264000000
0x0979f650741a26b724d4ffb5fa1923528965ee35,6.646098800469065075000000
0x09a2650f2cbedebf3bec9bf12b48a8fa2de2bee3,0.528184268088817326000000
0x09b8205767d8b94e92f8db2e457173cee79f6703,0.005355565525458618000000
0x0a26e8933cbf4015061018df5ecfeaa8245bd786,0.000000000000000000000000
0x0a49f8aa0bed9c2ce5f533ee6bc31cb4d74d726d,11.327547198693649312000000
0x0a4fa06e97f02de344203f27d00e03ada343a6d4,0.000000000000000000000000
0x0a66a105ea8a4fc5a0475b37cd4be050621b95d4,0.000000000000000000000000
0x0a70832b05fbf40cdeb57202559f4e88fa1aa606,0.008671736178441253000000
0x0aff1ef54bc1da7a149ac31404021b96fe5da7f8,0.380566021365353573000000
0x0c5be0fafb847ed3ba7f346a50f94d4caa7b240f,0.473350140087498000000000
0x0c827dedb26b871831f4bdd66836c04d6a387061,0.157454038024001804000000
0x0c8c929a553faab0c7494e8e8f0e845a22c68f16,1.049147950079881466000000
0x0d281edc38079a4ecb0abcb81c6243f4c1c9f262,0.100224801145452493000000
0x0d8b407ebdfbb810edbbd39afabe9a89711ffa14,0.000000000000000000000000
0x0d91cdd350e3b3468b3e2c8eefc211eb43b80510,1.619908842381728549000000
0x0d96c02b9839af4616cdb3baa3f9a30c799a73d9,0.023335217435128603000000
0x0dc4278cb547147b0aa07175b4705c79d6d5bf1a,0.000000000000000000000000
0x0e26b49f444e7df0cee9209b44d9d550b6aa5c87,0.688747869477924460000000
0x0e3e21e755298ec5331a9a9b36c400a7c94875ad,0.000000000000000000000000
0x0e500be6c616be20e61249b249f52633c750823f,1.063026785386620366000000
0x0ed9aabdcfd0a73ed061851deff3c34cc8d6c171,0.000269214123593935000000
0x0f7c548c3c100e1ad6a1f092d95884cc4dcef4bb,0.000000000000000000000000
0x0fedb1f6406314d91ce594642fae15bd5981f2d2,0.004168825225508797000000
0x10e05c24b91f20cf6052a65c58abb5198d3574c0,0.000000000000000000000000
0x11c408b306a6d825fcf1be442dfeb19c9130c364,0.711982788709822272000000
0x11ca6b6e4d1db6b60c3925b7d5764a29eed1e6ab,0.000000000000000000000000
0x1208b0a89066711d6026b036b47b42d781afc535,0.000000000000000000000000
0x1257b6871bfca1da593ff5586e73eb1731b494fc,0.000000000000000000000000
0x126cfa591123303a0e2de39c7db1b24823d4d9da,0.000000000000000000000000
0x12a2afd9a55cf5477bff44a258665ec72d429838,0.000000000000000000000000
0x12c1b30f90b7fdff8d52db777e4defd5010858bc,0.000000000000000000000000
0x13a2c6e9219565ac20880095eb834919ff7e2951,0.148114526280842441000000
0x13c6b0c3c7f55aedc95a3df520f5e02d68b1c293,0.000000000000000000000000
0x13e18b93d6a3adf852cf9da3308b4e6df10add3f,0.073285270620432965000000
0x143d3d4a812b1ad81f2e9242184ef423317e270a,0.108212115404236589000000
0x148077ec014c2cfaf6f87657728d363155fa1a9c,0.000000000000000000000000
0x14ca0bca067059b65912eec798f79f38be981c0c,1.670302274159096097000000
0x15b9f1608a170b30bdeff661e5d0584302701c23,0.395081246263146945000000
0x16a4af63b9fc0af1f92bdca9815f54b9f1936632,0.106155738895005560000000
0x1767d68e82c9a641ce3df93995811cf479b8d499,0.000000000000000000000000
0x1775cfac539cd5a42ddbda911d823add51de0f6b,0.022445158381750697000000
0x17805d5714cfa924ec8211e5e4c2b778272ee534,0.065689510833130547000000
0x1805de850c478769860504978770d9afbf082071,0.631354400905058038000000
0x183a1486ea082d59c1d7def876afc64485781a74,0.000000000000000000000000
0x1862a79935ae4bff99407ca2e462f888f3728c44,0.000000000000000000000000
0x188f82ae4299d6714aef759676da8ed2d243e0af,1.053567496070593261000000
0x18913656c387613f6d0a1bff7365c335c0069e69,3079.951287953442503037000000
0x18e72617208b85f589cb5e273488832cacf30acd,0.310155553066196483000000
0x18ef40386bae4bf3aeca388d5610861fe1869f25,0.258527998217072646000000
0x190230f5c5ffec33a083468e4e3d30e7110bce5a,0.000000000000000000000000
0x19188cc1b61a3cefcb20f242634a9b8437e9f2fb,0.897726556469475894000000
0x192ed581604993276580c55aff670cb05540c610,0.020542651368362035000000
0x1935532691f887b5aec7eba6cc5fdda948dc38c0,0.494376343344160596000000
0x199cf29ec4874887ee900d26f9f1f58d2f11a2e5,0.000000000000000000000000
0x19cb5aa7e487cc4540fb0146a71ae803f37a0b9a,0.272049122708017756000000
0x1a05d9baa60056be77638908f997cd63c485a6e5,0.156108103797694853000000
0x1a10de9f646a40b8728b79d15f15c14dc5e92e08,0.000000000000000000000000
0x1aad84d41a750e6f6fb1736182f30b2c20eb8c43,0.000000000000000000000000
0x1ab489d7457b02bf1d79c0938ffc8ec7ff0491dd,0.000000000000000000000000
0x1af3e47327e771ac6c9ae1dbc218e36b41b70756,0.000000000000000000000000
0x1b06e264ce154d5f39f2033873bca6ca7bcd301a,0.000000000000000000000000
0x1b4b60daff677bee93772c43eae5afaa6b20b046,0.000000000000000000000000
0x1b6242eff17df6e785dbab2451d061796e7e1f3c,0.934484944442057272000000
0x1b6eeb96ce6e94fc5a7dcd0e2896f714eb015459,13.518077833281199627000000
0x1bab17d098d0e256f1ca4042c3a644babcf32f95,0.156835381865485218000000
0x1beba25d86fce53c6bdb028d2bf71abdc9b6a9ce,0.000000000000000000000000
0x1c175d313ab28ba88785b8d05b48b0c366050af2,0.000000000000000000000000
0x1c677751d60cb8fcd1875ee81765c938f6b3b67a,0.000000000000000000000000
0x1cd6ce5d144f70d5332cc49b45f6f64cde4027ce,0.052023861482269752000000
0x1d4cd345c15d0b07c84429a9da205174582bb9b1,0.312382640061991187000000
0x1d503158f6443717e31f996408eebbcfb7afb2e7,0.000000000000000000000000
0x1d6910b4578fa2f5dd627023547ff9342d762894,0.000000000000000000000000
0x1e1bd10bc1a59c647a1a6377ff063148b6f9aaaf,2.611981417860899994000000
0x1e342d8cd201ce9d9c14f3a015c8dae0f41e40fa,0.000000000000000000000000
0x1ec01b6dc7c2e00c286c03a324eec6d815c8367c,0.000000000000000000000000
0x1ef32734c14753cb8d3294b30c996a5c5866f691,0.000000000000000000000000
0x1f24edecd3ae54a9b54c4262800783102012c68a,0.000000000000000000000000
0x1f5663526e71870d9854435f86a08b9bbcdd360e,0.039946007709705176000000
0x1fe7625480d31ffc055cba3fec8e6c0f02bb30ac,0.027679639998030345000000
0x200ad40f9d724b2a0e152a044a91659af2d26a95,14.247944776826097204000000
0x20108624b2745c3d10f5230724e8b3887a8be24e,0.269818401109656196000000
0x20665e0b5fb3e81abefa4d2ab515bdf0e6fa6700,0.000000000000000000000000
0x20c2632f0039f19fc2364a52ccb6a697e80448b7,0.324938821931462725000000
0x212a43c5d993d7c05d0f8440ee38ae2ca4053373,0.000000000000000000000000
0x212bbfdf681f8268c56806a7536765dbee68e2e2,0.000000000000000000000000
0x2146c4b20293a1f901beae4b796de1d7071a65be,2.596418004266161316000000
0x21f4f03b412a797203100bb5053d0ac400a9cfd4,0.018239761604524353000000
0x220d618e28c02487fefe1a60f434b4c506b8f68b,0.000000000000000000000000
0x220f909def9d627b3da59c8f192108b5b0eae93d,0.000000000000000000000000
0x22299152f113a46c80d1037a388ff173bae0e3b0,0.000000000000000000000000
0x2241baf112a5577a2b9255205641eaaf1068f9e0,0.000000000000000000000000
0x22ca362d63f29e8937fd1e2dc89c42448388e335,0.000000000000000000000000
0x22fd093ef627d8c77e6f7b6b97aeb6102d077783,0.000000000000000000000000
0x2309e84fcf0909dd65d28f7836f972c126aca997,0.000000000000000000000000
0x237035e174d7765751e21386c1dc3ea25990dda8,0.000000000000000000000000
0x23760e48f2aca46ecd8e072efd09a87150b3769a,0.000000000000000000000000
0x2376785a24446c28e337ae716db0554e731dd41d,0.015735697122847536000000
0x238199a3a1fd126774dfef541e0fa7eb7ffeba4e,0.000000000000000000000000
0x23ae80a0e7c08fb2bba81cb1788235645135e2dc,7.875899869742077536000000
0x23b88a2399741df81c85b26216257a81033b85a7,0.414808001155990533000000
0x241ce92e0466d0698fa16bd681c8118af30a2794,0.005272813261947481000000
0x250544ee417d2877e9453133db61189a89243318,0.265400010759342065000000
0x26eb90e5ffc99415ccbd8d0819812c817d11f2aa,0.042496050544867780000000
0x26eff94c0ad04a5cded83f1621fb9ed6c1dde0a0,0.000000000000000000000000
0x27ef8248567e7a5381a2b272e17ca47b2bdb44c4,0.000000000000000000000000
0x2821dd3439216e0e6c1adc9104e8232233a40863,0.208890327306429770000000
0x286fb8a680523e34e528fbf7f81ef201925175ad,0.079110477973048473000000
0x29377ebe6fd8efecba0e550aad7bd77ef6a222ae,0.000000000000000000000000
0x293c4466be62be8d6b25bd427e04833681ce5fff,0.075011954716299164000000
0x29671580fe09898305ad6750484301f152f09679,0.003755227984897351000000
0x2aa24b92d4970c1a22a4e39365db958d7241cd8d,0.000000000000000000000000
0x2ac5d332be2fb47cd0b30f0742d87b84df1acfbd,0.000000000000000000000000
0x2ae02587a2b86fbd4502c5322154e97908d7279f,0.000000000000000000000000
0x2afcf5e25de2d6e6c6e4aac68f723b716d9bd574,0.000000000000000000000000
0x2b07c11312372f4538c23ea8bfcbc0009ae23e5e,0.000000000000000000000000
0x2b4202251decf5b04166a13c141ad35bfa8564b9,0.339368069471462564000000
0x2b429f9a9e400db4c7da11173a0cfa31791beedc,0.000000000000000000000000
0x2b7da428dd7ee3e8d39938bacbc3101b2389ebdc,5.942491795284314596000000
0x2b850f88e182ccf32e45d0f106f8e32ef9501b3d,0.007538090668074784000000
0x2bae72dab24e5c1954053b6b3d8d0d158d9f455e,0.054481600075400854000000
0x2bb17e2cddd022f8db57980a245d06388c9c6053,0.000000000000000000000000
0x2c24bdc043c4cca5989f99492f4d30241079dd6d,0.000000000000000000000000
0x2c67f96907a582d0f9bd64c1d8200a898e603b93,0.000012668145189211000000
0x2c7be92e0cca79862afb6c5c8f3c18a2b6fbfffc,0.000000000000000000000000
0x2d15a6dae1389870edf23b2cf1d5ca6162016ceb,0.237736564772847590000000
0x2e56843c42bd166e37fc3f6e94de6d2c0ff7b89c,0.000000000000000000000000
0x2ebfbb3824f3fe4ad8475dcb7a024d957d7bacd9,0.467351753449416816000000
0x2f86544f1b7fa9cf65b93dae43dfb21750099d10,0.000000000000000000000000
0x2f91de7942b7cffaeceb945e803905fbb964f381,0.537647901023167113000000
0x2fab4b450f31f99b44bcff8515bb09417d4bba0f,0.350508041350472945000000
0x2fc5dfef6345e2b36735893f861766657ff5ceb4,5.330926730671006109000000
0x2fd409de4df7a01f51de24b23253b5a862060062,7.619918337416153108000000
0x2ff32959203631e05c21a7d63ba606154230a0ac,0.076059416135124982000000
0x306547b35e632d19ae3b6b9eb6d89d4f48751d4e,0.000000000000000000000000
0x30a1b1745bc44fbb844c8df79fe331afb3c891fc,0.000000000000000000000000
0x30f60e23cc85648f42d7b984c9e9a5847b7aee3c,0.040401863774394479000000
0x31009e205f1c024e43b79c67428a4fc7356a627c,0.002200831525775841000000
0x311a3e7c1b74f89edf982f42199e27a2286a3575,0.000000000000000000000000
0x318a68520cc2544d08a8bc78749ab2cc0b95a19e,0.000000000000000000000000
0x31e119324d518670717e445706e3ee616227e754,0.650550131393219140000000
0x324f4a598a51052cb52be3a5adbf83f09cd6ad7b,0.000000000000000000000000
0x3298492ee2689911866ebb01a1774db060ad6a7c,0.000000000000000000000000
0x33414f9bb212075d5345eaa5173494dd2775115a,0.020305143337850714000000
0x335c073bd67f0d426c4137ce6881b94b11fb7abd,0.105770638781540877000000
0x337fe9c2f13533834dcff824eeebfd3590819d16,0.212859296137130800000000
0x33aea8f43d9685683b236b20a1818afcd48204cd,0.639202126668227510000000
0x33d779c1a059669bd84df6fa802e60de0048f1a6,0.000000000000000000000000
0x35da34f39a5423a71029cee762f35be72a008372,0.000000000000000000000000
0x35fdce0c73d2b74cbbd5cb3fae55d9f73d52d9de,0.000000000000000000000000
0x3612dc2fa0c78eda7146cc691e47272f69613efb,0.000000000000000000000000
0x364abc32aaddee7e82416bb15d9d764ad373f17d,0.124278705985084172000000
0x366ee944672c29e4e9360e21bf39df754f1e8edd,0.010503449334077848000000
0x3692f5504d75a93c891ebebdbd300310de4cbd30,0.000000000000000000000000
0x36d61f401e0ae9768778acac53ae3fd14c7f8ff6,0.000000000000000000000000
0x37236a82ef8c6b3bd02033caea53edbfd9763817,0.210499295542556291000000
0x37239ad16ac761dba50732bf970ccd180b435f99,0.000000000000000000000000
0x374862a8457486f3062dce4330e14acdb2d4a2c7,0.005543626932549056000000
0x37d768c8fc5a0f54754a6bdb8b8469e6ff8cad07,0.000000000000000000000000
0x37efe49bd4f5fc0caa9c49ce99491911e6501c1a,0.000000000000000000000000
0x37f45db391254f9ff85689aa3c3b937f0fbb3910,0.000000000000000000000000
0x38083e2fc384a102bc44694729ebc2d359c09fc9,2.013396728427364735000000
0x39729b6dd56f08e37de38b756ccd9b458f4848ed,0.000000000000000000000000
0x3986afd433c9c368b792407fc1a6ee8397254522,0.058293161227834714000000
0x39b03c65a275b9e81ad74c1249360b7d2ce473a2,0.000000000000000000000000
0x39beb60bc4c1b8b0ebeedc515c7a56e7dfb3a5a9,0.013429274079613538000000
0x39f9944b9e609779bc96389e226fb2dff08525ba,0.000000000000000000000000
0x3b0642c4bcbf6d844d96c65dbe78e128b25ddef4,0.000000000000000000000000
0x3b59cf2486ab23c0bf142cd81168ccc3db3bf758,0.029076650273696336000000
0x3b7ea01f892075072aa9110ddf4fec77a4702037,5.261164054413414281000000
0x3c0d7b1ac4040a6aa9c16755562936a29bec0e06,0.165366790846805333000000
0x3cee862362d0661e52f199347e12a7a5c79a2490,0.000000000000000000000000
0x3cf6905cb26e70754f3a1d084e8b3a78e387099d,1.467575099029554971000000
0x3d71b92d1eb06fb67978ce743e09a9d42ecde2ba,0.172695586874058426000000
0x3e2511c9a1094846a00cbf5208f9d82b6871f6ae,0.652840335120429932000000
0x3e978e950c37a7adbd92240f63c9b4597a7dd97d,0.104841913223394577000000
0x3e9e0b33e18dfe8d86f0463a4b691a52d4151a82,3.361690941752998758000000
0x3f39bc16ef847c0cc74b751c4316109b7977c872,0.000000000000000000000000
0x3f6d4f74ef3965904d1d8b908d31fd9bcc33ac44,0.000000000000000000000000
0x3f720c51b65e089944bef352500791ed6f2b48e6,0.000000000000000000000000
0x3f83f93ee57feeb0ff225b921141d71b286ee749,0.000000000000000000000000
0x4018008537d2acc4be1de2ffd22791043c2c7ab4,0.000000000000000000000000
0x4141e041466c6ee97ad610651075ae5e7a03c810,1.070084494422799171000000
0x415b530811f8c6faf440fc6236d8194248bb47d4,0.703648937559029725000000
0x416ab20405355f2031ad286009b184333d16d6cc,0.000000000000000000000000
0x41ca37052d6f6c5ff804cc037551f1533a6fdc52,0.000000000000000000000000
0x41fa7ef9e3dd14c5f6bb59a604ffb64768801fab,0.405797737694451149000000
0x424dc6a1f3874bb3d71707ef46e009b5e7af5243,1.172576677986094762000000
0x42ebe5f7a61a44a60ec1f9e66af21247b50d875c,0.000000000000000000000000
0x439da32d81e3108b1ff0e42846839c88e05bf7db,0.000000000000000000000000
0x4467f875fb558513c75a3607aa14e206db02cdcc,0.000000000000000000000000
0x449967fc7d6fcf38b63183f0eda453c014ed5eb5,0.057757523985500851000000
0x45008ce05cf52e7f8ed5b1bf2e166d8316375135,3.033251832597914802000000
0x4587bdb1b0593dd8ea94168818bf7762b85d73da,0.000000000000000000000000
0x45b18916a8146e16e4d43aff9d9ee55fccc41551,0.000000000000000000000000
0x45dc7b90cd37bad7b8f7355d8a26b652055804b2,0.000000000000000000000000
0x46307b20a0d9eda54da299e86c2711538a91d5d9,0.000000000000000000000000
0x465bb47318f93c9166ff68eb9685429d2e6c13fd,0.000000000000000000000000
0x468f4c726c5da2f8fb97c483c56d7703c18545d6,0.000000000000000000000000
0x46906853575a340cb52893b114aff93f22be6bda,0.722671414493128799000000
0x4790010f38cf84e094b76f1edb16dced011135ce,0.087348505160613196000000
0x4808faae9b418056d7485d604ef6c87f00aa400a,0.000000000000000000000000
0x488e5bdd515013fec1f9f693e36de33703bc23cd,0.577083577569345860000000
0x48b576c87e788a762d6f95a456f2a39113b46950,2.645349104083348735000000
0x49208d4679787136fa9449ca37874b8cc543a508,67.431615853709807760000000
0x4926921ea242a9256a364c060bf610498791daa2,0.552110701258238507000000
0x492cb3e801235af5456ce78b7896ac67706314b7,0.000000000000000000000000
0x4954c56c0fda0a30fb88c85a82aa6b3faadc5d1c,3.785166729575540672000000
0x49625a26b18ead4bb430dcf2a1f9aed2c414c98e,0.000000000000000000000000
0x49707808908f0c2450b3f2672e012edbf49ed808,0.000000000000000000000000
0x4981a2c4655b9653ad084620b888ab204b06212f,0.000000000000000000000000
0x498d374d8afba6aab264cde7267a3d06165946ef,0.000000000000000000000000
0x4994e5ff49107429abd7a2cf87e6a40868471f8c,0.000000000000000000000000
0x4a7841596d8f8b4c5db9757455b41cfb11be0750,0.527744451247674215000000
0x4ae434519aa11a4c69c27a86c04873344a292071,0.000000000000000000000000
0x4af3d306a54233b0faf1b42b24473a903831d9da,0.000000000000000000000000
0x4b010ad9c0fbddf06c4a30aaa0744ba6f1cda294,0.000000000000000000000000
0x4b268abc648e5a48b8d04084bfa5f3ac454e8fcf,0.070425010345051007000000
0x4b4759c59d003a126abda7f2e1a16fa7dc4f0b29,0.000000000000000000000000
0x4b7e2847ed1843883cc95c02becbf386a978942a,0.000000000000000000000000
0x4b90e18c50ddcf6b9824397f53384cbd0e6b263d,0.000000000000000000000000
0x4cac51d479d256bb2f826c4f292951048e24f712,0.067299850497717021000000
0x4cdfe00dc63807aa454bafed9b7ef44a10f63df3,0.083820129470764815000000
0x4d11b61eb753192d839a794e8ba6e940c46692ac,0.000000000000000000000000
0x4da44b6ef15abf878e32ee8f906430af5fa48caf,0.000000000000000000000000
0x4dc1cecb8b39d2164516544fb2ddf812eabb7081,0.000000000000000000000000
0x4df98364694f3e16f243c44a59d13d0ead366c52,0.000000000000000000000000
0x4dff11a1bd06be401cd35b65524fe838e830a1a4,0.000000000000000000000000
0x4e24ea27467cedc79147bee0c3c9e28df4562510,0.000000000000000000000000
0x4ec5fe94866cbdc7a12bf64ff4de271388c15018,0.131234784409010155000000
0x5098e1e4433b411f6c49aa808635f9fca475908c,0.026813275163366069000000
0x50d584755749f94424ca460887955b0795a4c564,0.006274928738199461000000
0x5129789fe94a5de89b249244c7c0b500a614bbfe,0.000000000000000000000000
0x51c6e46b6f58a54903bc3f2e65e8934e7f1f2206,0.538121928437074913000000
0x522d8cdb91de38c7ef3e107dad09453afd05cc48,0.000000000000000000000000
0x52539ccdb0ff2fa0528f41ea6c3628e92d96d812,0.000000000000000000000000
0x52f75b0a2ae389b536ec1b68cf3081475dab935e,0.000000000000000000000000
0x53ab61f2840e1fba69a2a59aa2ef51abe3b08d04,0.000000000000000000000000
0x54084c9ef35c4357fc1ce7746a46b5cdcdb881eb,0.000000000000000000000000
0x545e4d89832a8359d006f998742bf0554366531c,1.313687583244525958000000
0x54665ad7be21f691c8d0ec226e9501708c6adbef,0.000000000000000000000000
0x54afcb6cf8a1218e43a9eaa941e55b627f72b7d1,1.050048398691689616000000
0x557aab37cee8e1e7e6f88c53ea6bf67f3912976a,0.000000000000000000000000
0x5628ba07034e625180fb6d3a46932a1012f76984,0.000000000000000000000000
0x56948d80622edc1df8f4ad41834b6b0eab6216a6,0.000000000000000000000000
0x57480fa844085ff919fa556984ab194813af87ea,0.000000000000000000000000
0x576cd59b77ee61f34d43d1a34dac54f6e0a6339b,0.000000000000000000000000
0x577c26222783186dd0b2fbec5da84eba740041f2,0.000000000000000000000000
0x57c6c8be7819406cbd86f2ba01917abb6068a2cb,0.000000000000000000000000
0x5898b156f009af239a04ad5eabda2872bf6bb8ac,1.681514538101010734000000
0x592c490f665c23ac10b0ad01f58c861f0ed1f73d,0.000000000000000000000000
0x59819953ca467ae4261d6f5d9d743ea1f13739ae,0.007471740674587040000000
0x59daa86986fe9a7cf749fcdd994300fa73d497b4,0.000000000000000000000000
0x59dc9ee55ce0006a87a1dbc5fe3ad972dbfa6fb9,0.082323523291203138000000
0x5a35409683dc0b918a83df171ce484c28513b05e,0.000000000000000000000000
0x5a7c545292a97ee0b12ce12cb3b7ef7cb1c842a2,0.000000000000000000000000
0x5ae9068e3c2a325a34ebdcfeff4e3a39c8f43d81,0.021014683005068911000000
0x5b1d4ff74ac1ed8d310bd090866b76f946eb4df1,0.000000000000000000000000
0x5bcbaba9704f625bdb7eb1d8a3c305737916e6ff,0.000000000000000000000000
0x5c39fa41c9b86cfa42310e1f680c931bfab7384a,0.027413226990597022000000
0x5cfc2a777d65fefc72c884184fce83ef221a00cb,0.114387678313081703000000
0x5d40f4de11689dc1a341ac0efac19ea11d43ce63,0.011071770249567754000000
0x5d52cf8d8b4e802b91cee2d20dc0940f996baf04,0.425028488642745894000000
0x5d5d0fb2c33b87ff1a0b24b7e5bc93ffaa2a9ce0,0.000000000000000000000000
0x5d7462fbe2483903a49b150b5febb4fb1ad1a69d,0.000000000000000000000000
0x5da0834f5dbec360675a2e32377e2346a01b7c12,0.000000000000000000000000
0x5e178c3814df3138c8d6c33d3bb964f4dd2d5fb2,0.024294104330178459000000
0x5e20fb63f3d33ddb2f9c71063f71f962496c567d,0.000000000000000000000000
0x5ea577c0fbcdb4e88d3397101c71c759f7e83172,0.000000000000000000000000
0x5ecb41edcd21fcf5e69c897ee84843b128dc3ee3,59.395886967877171148000000
0x5eec373387b12c5346b2a61d0d506f8c645928f8,0.000000000000000000000000
0x5f0ff52df8df2c5351c47b6711c33f36c5402909,0.264721538351476684000000
0x5f395c1014f339d6bcba1a08e95da436170d09f4,0.000000000000000000000000
0x5f4e25ec138e7828c54560dccbbb6f650ab61698,0.000000000000000000000000
0x5fa8ebd227eef2c4e4eec35118130b99f32ef3a6,0.000000000000000000000000
0x5fc9d9293d74640edf16bcf6f64f113eb7a55ded,0.602493071778380377000000
0x6023eca625b05b02df7b38d0dab8945db92604ea,0.000000000000000000000000
0x606ced0870ee2198a68000965d036a395c069245,0.000000000000000000000000
0x610f3f68a8b227fcb20d37e17412dd2ad1602c62,0.257909107905350678000000
0x613eb1e4b1c39c2952019f79f44cf7305b3a6cdc,0.000000000000000000000000
0x61a0982c6adce57f958c31c7a4c8f9dbacad7ae2,0.137119933427495167000000
0x62318b2287ac337feb5d6209efd236fd41993546,0.018125409278135556000000
0x625b9f5125189bf564d723b5e97c193db6e53df5,0.000000000000000000000000
0x62845bbab0e876284c220f67061e87c1c3df91a3,0.000000000000000000000000
0x62c5893f5677e225a0deba373c132c06c29c9629,0.000000000000000000000000
0x62ff9ac6080a321a6264729efb3c4f0844a1eaf0,0.443198368693243559000000
0x637cba9be343cf868625b6fdd8472a32519d15f0,0.005574674999489318000000
0x6390a821ebf5dd20ede7d3362ca4c29d936efe89,0.000000000000000000000000
0x63a6afd857e541b731c90f153a81539e06d295c5,0.005239471170000546000000
0x63b46c8d28487a9609fd42cfeef39a9db0c81fd5,0.000000000000000000000000
0x63f5d265bf5732cee62dccb0f3b3e2dc14211c6b,0.000000000000000000000000
0x6436104e26fd9392f1ce1418b4f9761ae7ed15bc,0.056037908452255139000000
0x645736044429cafab90acbf0816b7c5666761722,0.105278374361893862000000
0x645faa6dd55c0e39af5ce35b19700f5af81d21b6,0.041291146408050529000000
0x648a4f387547b11d1bb01b6642001a213f5a79f6,0.000000000000000000000000
0x64c4d817a4b47223aef0ea6ca09e0f8b8dd6da37,0.000000000000000000000000
0x64d867932f03d7bc3878e6dac6ddec3f2dea59ca,0.053417905323460801000000
0x6558354be3ba0618ae694113f3e3b53fe421512d,0.136451549538603921000000
0x670fbd72155b2ae2e5336c82dc62c8b22ed4ba09,0.000000000000000000000000
0x67111c643f0bf99b485de03b362b038802f3683a,0.209358753826667641000000
0x6742c1630d30e17a48684c0dc36e987e71e7cfca,0.000000000000000000000000
0x67471ea7e44de2f5626072cdc6b42e9befd60ac7,1.875908832533328265000000
0x68e55beee7f48567ae2a418a274b9bb94dd1251d,0.000000000000000000000000
0x68fb3424df06fda6ccb91551ab70f2594102eec5,0.573734698425429479000000
0x69a44ee77f19eb8e64920693e0fa7182b4ef312a,0.532367005258848992000000
0x69d1d7cb14ea22ca3bb6958798f5a985bdf5b870,0.000000000000000000000000
0x6aadcf0ce4a3201d8400ae3da04881e88e60241b,17.075050241577542627000000
0x6b3a8f60086096dc6410dea82cb30396b3f5dad3,10.566508601919343113000000
0x6b86d5a077fab712aa2755d22eafdacfeb2b0dea,0.832749593335096944000000
0x6bf3c9e55369cb35e5f5d37ad6db22f298301173,0.000000000000000000000000
0x6bfc44690eb5f38346c9eef2ca5aad27e0c66b38,0.000000000000000000000000
0x6c000fe55efebe21c9c19e9f3e751ac0e7bbe6a3,0.000354368379686455000000
0x6c39254058a19f4d990c2489e5c72f643c18c21e,0.000000000000000000000000
0x6c47da11a2c4cd3e7acf4773f708190ad1317383,6.512680922128423314000000
0x6c96481dc797b61b790f3401106beabac612b054,0.191845743931478375000000
0x6d14b5d52cd72ea2877e1274440ea4128b0d5370,0.000000000000000000000000
0x6d33d23f6c39a2913cb7c788b5710990459b1169,0.045416899490918227000000
0x6db03f4b8dfe62de25d84167112ff5e61608bfde,1.158321974839528278000000
0x6e018aad220909f84b17a6b0fe9b3bf3f7fcb7c8,0.000000000000000000000000
0x6e07a5eaa18dde5206c6bf770df444d222559899,0.000000000000000000000000
0x6e30899a31c1c828c288d5f908323266e3b32380,0.000000000000000000000000
0x6e37286bd0a65725459c6a8edb9fd00cce06aa3a,0.412385048871954407000000
0x6ec573879e3c0152abe46852ce2be833d94ca718,0.077556623272126533000000
0x6f28061cc2095513dc561e5c207ada7a32318888,0.000000000000000000000000
0x6f8b518d86dd3eb495fd5cc06029018a548a0397,0.526429874021214476000000
0x700988298239570fa006451cc7959f0fc3e5b40d,0.000000000000000000000000
0x700c68436d47746a3c546d88cec9b5a2839e5408,0.156264430233573998000000
0x700ed42a6b0b8c9646767ce8a0596a6d620ab279,0.010819981752910135000000
0x7028320c9cdbfe47f9145855fce15de26d43b79e,0.063892272651019660000000
0x704ea01d11b105b1dfb69a1b329406b93b86e05d,0.120685451736288336000000
0x70b3ca4a056f51b0b22bb706faba9b1a89fa2144,0.044206953690850719000000
0x70dccbf7739ecdf6adb24fa8958084debd2168ad,0.029158304379447403000000
0x71daa6e226244769e1a7104c5ca299ec3d5cb7c4,0.000000000000000000000000
0x71f24a9a91a1f0da3151cec29647e3575711295f,0.000000000000000000000000
0x72f24cb221eebf5e54241352214df1bceb9350c6,0.000000000000000000000000
0x73381cbb9544e37cf123d3e1493d529c95e7c13d,0.000000000000000000000000
0x7351cf98a0f905e413a16fac407f3efffec218eb,0.000000000000000000000000
0x740de44b77da1af2a003734bd3968fb967831ead,0.007751602213086854000000
0x74cc94a2360cbab7140826e9087f0dc4b4e60098,0.172776661342054020000000
0x74d8d8ffb881354b0a7c15f91ff6157bc4619796,0.000000000000000000000000
0x7502f5c4237e219b81d36cb11daebf8ade1a812d,0.081495573489399420000000
0x752d4b217d9c1995cc1cc29f1802d5aa76da35a7,0.000000000000000000000000
0x75632aaf83120eae9b0618f8f50773ce347de2ad,0.302316946518907566000000
0x757b47d254e79ea2b4ba72170a79dc2706a7d1ab,1.680246929125948992000000
0x75a493d57392e224a93418c0f98792ad5d99f49d,2.013028890271885503000000
0x75e5823289d029a524a52936e0304a593c6f43eb,0.000000000000000000000000
0x761659c44ab1bda2fc2119136a4e56a4202f864d,0.000000000000000000000000
0x76a331433557e106ccb70febda69a0b53fd9c9e0,0.032190708017315140000000
0x76edd565fe698996c80690ba6a4d32d3910ed86b,1.185900482942129842000000
0x7733305ca2768ae7249cea555452fdc5ee01cc0b,0.000000000000000000000000
0x77819d746a876b523b0b41d942c1477f248f9137,0.000000000000000000000000
0x77e286daf3ddc5a7b98e31acb90dbaf96f208ae8,5.314364397308500159000000
0x77fd1a8e3076aaca7f39b8267afe9221e428cd2c,1.311805956454761199000000
0x7834e65b4a6352bb08bee22052fd9143c20ff4fc,0.122192683651666083000000
0x784c4d9609f8580e571a4416698aed8d2f42b704,1.059795075953189965000000
0x78569ea5656543715486d0809a9f967e6425ac5f,0.000000000000000000000000
0x788b6a65c24776139937d9a8cebb3ddcf0db9ccd,0.592758752916879915000000
0x789fae421fb4478ddbbb3df14345a9fc645180a8,0.000000000000000000000000
0x78ae59cce8ce5c9d7c660059759f116bb1144cdf,0.000000000000000000000000
0x78d7e65fa69747c94a6a497003b2afb3a93d33e0,0.053469443286352406000000
0x78e7ab5cd4abc9c66876e303cd94dd9da8c5f5ac,0.000000000000000000000000
0x7986fbdfd799a75519fd7a5bca4ac5446f2fd394,4.418426397804701965000000
0x7a0eeae01ba463fac2625f2aceed54bafbcae312,5.743168605076456161000000
0x7a8699438cbd571fa9634a08825117685d8467cc,0.000000000000000000000000
0x7c1185e3b71550adc55590918e8ac6ba1c15dfd3,0.020937394433486887000000
0x7c6d7be5f564b77c3d53e3d3a0d7b928fa7855e0,0.000000000000000000000000
0x7d1e3eecce08f67d5ca6bf11441a127057cf1d88,0.000000000000000000000000
0x7d8b8cba3f85057cf90ac642b5ef7a4beb6c567d,0.002493348436477648000000
0x7defaeac45ba43c855a3282f2f6460c362c6353c,0.000000000000000000000000
0x7e2badd3308c1945b183bed7b50c8b2f29dd00cd,0.000000000000000000000000
0x7e3182b54fc5527632eed4d5cb4c52d8b167fd79,0.394455965665317301000000
0x7e6b5ae7f9994c6ca879578e010ba70a2d8e3e5d,0.000000000000000000000000
0x7eca0aee544938b7c1bb6cabd1fc5a9e5bffbbec,1.135564900043989119000000
0x7ef3a0ef713173d538e1299da563db0c7e2aed6b,0.041779559086272568000000
0x7f135895d7457373d01019c0e32e89316ede2ee5,0.524590592748619846000000
0x7f9a531a9a58f7d500212cfae3da93b7d1859a1d,0.000000000000000000000000
0x7fbf6ab9f7d095d2b4a8ed5a841d00cf7185e1cb,0.303585741436006316000000
0x7fed70ca8847c24889ed8d3384d146522b0bfb12,2.584597424681394186000000
0x802164161dc7d8365e41b5227c8e6efe8a6f8fe1,0.000000000000000000000000
0x8055b0c9a126bb9a729b90f981177623bf4570ff,0.251944772902166410000000
0x80fbf1ad5353e0bc3924f8313847767674e6323f,0.000000000000000000000000
0x8129215773d1a6e879a06b057d134c5e8b547679,0.000000000000000000000000
0x8131ad7b7b2746d5db28907b8f9d91c93839c669,31.852969945014593219000000
0x8140b5d041490a706da799dd295dbb251b3fbc7a,0.000000000000000000000000
0x815b3b499f569075de44706007abaa0be8f6c58b,0.126684548949324352000000
0x819ff4bbf447ad3642a102e46d41b8966bcc054e,0.000000000000000000000000
0x81bbdcd28e657c1459abf53dcf5974cbf6e4ad5e,0.000000000000000000000000
0x82999ef66ded3b44380d49cbefc23894c4c3e61d,0.274578393644623877000000
0x834ec6ef0fc9b93c00b24e3f17eda107ba2b607e,0.174039867997719632000000
0x839a85d8baf250b701b97a592bac2044d58248ba,0.000000000000000000000000
0x83c5852053cd29e59e56a002b24d9ac61631e3ba,0.000000000000000000000000
0x83d421629ac79a1c04346fe09db388845dbc576e,0.019215574528741185000000
0x83e89fd9c2817de2b7c293b4bbc5a40d7c219bda,0.000000000000000000000000
0x8455273ac3fefa07e094ac547f08887d46a239e3,0.000000000000000000000000
0x84b032ef0b3b7389eb268d3f8b10a1d6c00b485a,2.427623797130658012000000
0x85052809f0b53ec293fcbf6224a78ec94261ed82,0.183472467802266956000000
0x855124b94360db8f8a4696d13be574f919298cb4,0.000000000000000000000000
0x8571e55eb0f6d07c989bf5bcca9b44da6b6c82bb,0.036081715358677529000000
0x857f8ba2810167beffcf52fe6120a4037f28d8bc,0.000000000000000000000000
0x859075b1227946b350d5b410d370e32f8a597522,0.000000000000000000000000
0x85cf5623f02f9ac591c4c290c71e4c2755998829,5.301439545177040469000000
0x85f61fb1814e13178c77a537c9463a16310f0e65,0.000000000000000000000000
0x860b19737beba05e475d7aa8f160e1808a3abb8d,0.000000000000000000000000
0x8687305eb9b1902a5af565993ddc5a97c8c52437,0.021630237053127823000000
0x868cbfd33ec93b451c510125e4d9f1ab1e42fcd2,0.303085748389394251000000
0x868fb6c916a9c71330093c7d289f8c6ebc1749da,0.116485075768813571000000
0x875a498923811a9174e252b62d7e759b9a8c0d4e,0.000000000000000000000000
0x8764028fbec9cfdfa54b9f297813f622030b0abf,4.128284636408199024000000
0x8791ff27032e7211f9ceb44cdca1bd737d5e3214,0.057366851049182890000000
0x87bbee54b4568111c634f44bfcbadbb11d6577f0,0.565858201439005986000000
0x887218ad01dfcf06a6fc95fb6b6e53fbad0b755b,0.526745546698269242000000
0x892376e6f7cb16fa954778e5c0c9adda78d35f57,0.053528343240737128000000
0x89ff28e4b44d1b0d650fec6cb8b0240ece1d5f65,0.009960248395791998000000
0x8aa4b092f444767f483e573abae6c0513d3dc839,0.000000000000000000000000
0x8ac8961b49e12a2a0289fe48ffc8cd84f8593375,0.000000000000000000000000
0x8aca8151844a23e00967cf3a30da8e8cb62d6632,0.202087349604697295000000
0x8afc76d251499dac81eade02134e7015f9b37b93,0.000000000000000000000000
0x8b13c51fd550f53ce30ac23305898a76cebcf19b,0.000000000000000000000000
0x8b86b588eb5c70d281a1ccfa46824b4388fbd4b9,0.046070330902806284000000
0x8bb4ffb2a5a7785b003a639e13544b5e9b196508,0.000000000000000000000000
0x8bb9e4652a58c744db8da84bfa24761d1a6f5a36,0.560073786071855589000000
0x8bcde147f6666be0f86ff2f4660176b5f7f57be2,0.000000000000000000000000
0x8bff874844274829adef24f4c1311f856af286a4,0.532060058940434433000000
0x8c05c87d6873d14c1cbf66cdd46e4712ce66ccf4,0.096414243718405296000000
0x8ccca267839176b51bd383d66f598dfc09f907b2,0.000000000000000000000000
0x8cd847abc9f7013c5593ba669e0ae8e08c85f9c7,0.483172257040542043000000
0x8cec7c2262a5b6868999a39d4788a1df36785069,0.000000000000000000000000
0x8d096157e40d207995f0e05a791779c4eef36fcd,0.000000000000000000000000
0x8d1bab4e5c2f7f8ae1360ae965bd48818cec437c,0.000000000000000000000000
0x8d2c7d2ab8b29d57e94735bb42f8578955b19886,0.000000000000000000000000
0x8d95cb4766e4fd8b271d23df9151ea42031cffe1,0.000000000000000000000000
0x8dd4e0d531c2367d02c155b2089d68dcbdb38903,0.169586273930396051000000
0x8deed0b7aa067aa1b941e8f60ec15dee5185db81,0.000000000000000000000000
0x8e43fd1499165cd4c79166139b59bb70b50f5779,0.000000000000000000000000
0x8e4c642269d00948dfcf4401ed1fa630e36b88c1,0.000000000000000000000000
0x8f0c79a9dd517d547ec8c8c865635d82d3c0275a,0.000000000000000000000000
0x8f7116a597c21fcbe350000a86298ffb5c40edd1,0.000000000000000000000000
0x90a795b82e369c795aac9bd7d63ea86e335e34ce,7.852979988506840718000000
0x90c290a07a52be5b6340dc971ca6c954d630bdcd,0.051748456354199985000000
0x9102eaac5bba552d7b4fd5c05dbc0df61064ddb4,0.005245261612776165000000
0x91162cf5913c55aa0ff4dd9db20b56e8c6def2df,0.000956684048855066000000
0x915d0bf04af52d52fabd211b02e27aea31bfe394,0.000000000000000000000000
0x917f32a2c8130b1cf23dd65e88fb1b8b1db22a31,0.353904071574282634000000
0x921994d2c6f0a17900ef9d66247218bf41abbe96,0.000000000000000000000000
0x921ce376065e1d3a3d9820def95b830d0093576b,0.038773919884252430000000
0x92505a19f4c5aa81eb5d545ded02fe4363939df0,0.041904877019714148000000
0x926bc014638357cabcd182876933047e984396a6,0.854062130472731316000000
0x92d7de839187bf86e2752e3507d3ca777cad46cb,0.723241265370142368000000
0x9302d35786643f680b617b03bcde983db6a7319d,0.000000000000000000000000
0x93a8242a8be7d4105d15741934432255b0d49e42,0.175310766087387982000000
0x93cd5cd289a01e27e0d25ccde1525a886ac07171,0.215049698062585737000000
0x941a5756d1470cd039cadb85c4d4b6312195bdae,0.000000000000000000000000
0x9437d6a8759788ae0e3cefeec9a2a6e44f96313b,0.348488963260850529000000
0x94ba5383c8bf0c439afaf88fdc16d24859febdb5,0.126890149790340803000000
0x94c7f3a681b8d0612b2c98ba13650ccc629fa121,0.000000000000000000000000
0x94c8702a7b3dcbb097c71cf5e5e39dcbe7eee72c,0.000000000000000000000000
0x94e0b871eba1bd55bba0ef93b684ce2c33f1d449,0.000000000000000000000000
0x95cf9aa92eef3890e50424df49f3d5053af613c1,0.000000000000000000000000
0x96067e35bb4ff14232f25a932213b35c8bfaf8f9,6.836365090911786811000000
0x96bf8117ab78d06f50887da88e37c441b48b9906,0.000000000000000000000000
0x96f216af2c46df8e567c3f21f78b019d3633f136,0.000000000000000000000000
0x9735aa8c26e7251d0fa89c55e5c5ce154a5c8463,0.000000000000000000000000
0x9748c887809da7e89c7afa0fb62f8fd955486f50,0.000000000000000000000000
0x97615bac8a021944dc3972674d1be4c404fe7441,0.000000000000000000000000
0x980bd0360937776b469921255f9f1d59a2db0dbf,0.151142677584778241000000
0x988ca6e2ace04f3df5de297379eac252b6498a64,0.941284191439080576000000
0x98bf02d25e1ef7e67c708f1f6582ab7f32aedebc,1.099560402931303364000000
0x992d5953fdb1a3aeff8006d609eac7d86964d35f,0.000000000000000000000000
0x992fa2f7dba2278bc0cf96e28c7432c4ea700840,11.486371361267904808000000
0x99a104700f99fbb66b9079aad4e60653d65ed141,0.000000000000000000000000
0x99c2e4708493b19baa116e26dfa0056f5a69a783,0.009953850832860680000000
0x9a24448e5887ecb4fc349a4e9f43f417b9bd8495,0.000000000000000000000000
0x9c10b230c6db304babd5527fd569d533b0a0a273,0.000000000000000000000000
0x9c2a6f90f56ff0d037899caf0c33a4c044b3e3f8,0.000000000000000000000000
0x9c57d3563a428d0291d29374bac9ceaf12e92acb,0.042122269965281758000000
0x9d691f41bd177c81804a86b1ddccd66b67be087d,0.000000000000000000000000
0x9ddb7992fb19a291152b7272d4dde426373f6593,0.000000000000000000000000
0x9e678fc3b325bcf264a1676b385fa2c5726c37a4,0.000000000000000000000000
0x9e9dc51a5086790b60f69ba00deafa113e4761e7,0.000000000000000000000000
0x9f6461dfbe5c0c53a16944fb5faf8886d8c2edcc,0.000000000000000000000000
0x9fcb35710dba03aac96058fba8e98e96baba9588,1.960697804237852770000000
0x9ff615eeadb077f90c0cb32cd85f110cd2e4b9b6,1.163646696276757226000000
0xa0490a2629924cec98d56e8d5de12651db35138a,0.036446194103296013000000
0xa05db57f66ee87aad335302b14bc446d91340b63,0.000000000000000000000000
0xa0f746bce0e0f34aa8eabeaa837edf70281e9871,1.120820502884718222000000
0xa1842f49e9a6fc900af9b689b3dfff106ec4fa00,0.000000000000000000000000
0xa203e22b55047fa1e986832c6712bb5551adbfa7,0.000000000000000000000000
0xa23b6b2288e804067eb4cd123a0929613eac22ac,0.508556741708408468000000
0xa2e369206b240dd7788be1bc5ff53c8315d39417,0.328646457369303227000000
0xa369c5e0b016385327713ae767f386bb1f215477,0.067929664835733998000000
0xa47156fd204d491b52240501ac40b5ececd45de4,0.000000000000000000000000
0xa4f89aa46a70431a6b16e797fa34f8e862a9c07b,0.209684174016295970000000
0xa5a760c47fc859977b0128a3e139a81622bba995,0.000000000000000000000000
0xa5d03dfabca4bb20d7a9f24fa31c0c662419d33e,9.439319100405489605000000
0xa5e530e5ad4d8c829c433984bae2da944edf2b5c,3.070763693646275731000000
0xa61346e5ce23964ac2e406fb5b46c64f093d6308,0.000000000000000000000000
0xa65b44e85db0c0a280d203a88af460c308c86842,0.000000000000000000000000
0xa66231433a269ef4cfad88a0a42658299a510c40,0.000000000000000000000000
0xa77c72924929c34291ba9491db7cb569afb7b648,0.000000000000000000000000
0xa87948e7459b2b65e006f5efc5fc9405fe17dd3f,0.000000000000000000000000
0xa889d8d2f00f66d183ca632d50375e6f5b9031fc,0.000000000000000000000000
0xa93afa55cd432b73d356789eb8e3446c062b13e8,0.000000000000000000000000
0xa93dfc2b32715c5809fd14c347a8cd123e74c2e7,0.000000000000000000000000
0xa958916ac558d37486bcadc3cd1bb9635eb30225,0.000000000000000000000000
0xa97f5b7b4bd6c1172366f01a73058e66126f623a,6.973130423411381212000000
0xa98eb7a31f2454b1cd3b2a0706e27771e205a5a6,0.000000000000000000000000
0xa9be39178caefc2fbdea15f2d90ae6f92eb35f14,0.116039686130137705000000
0xaa21601764aeef91f88e9d8017542932e61bcbba,0.000000000000000000000000
0xaa3b1fdc3aa57bf24418e397f8c80e7385aaa594,0.000000000000000000000000
0xaa658fad3e9ae71c26f99dc1eb44b72cdd77eaff,1.157591350860928120000000
0xaa86f5cada8b0429135374f9bc8bdd56d3e07154,0.000000000000000000000000
0xaaa70678e913b7279e3a10df30744744e65989fb,0.000000000000000000000000
0xaaad9e03a25615d0988b3dea2660c7691f7103a2,0.080804630515647986000000
0xaaff9dbe4aba011ac56b48119dc734d7c6a46ca4,0.870156966632648533000000
0xab20ff632d5b5192575a40ca4b11f2f462d90e52,0.141613175090104365000000
0xab5d3c942ed079c080e306e2b9292b570966503e,0.109654472891305696000000
0xab89b23a599ceb927c4e72f5e45b5a2e17d07657,0.000000000000000000000000
0xabc5e0c2a37ecaf62225830a28032a77f789f725,0.457595029615090207000000
0xabf0ad905f17c7801fcd2b500e17d437800a08e1,0.000000000000000000000000
0xabfd21fdcc427a1ed3705a94ef87fbf57c0533e1,0.000000000000000000000000
0xac2466e1d71f6c5d34ebdf20a511be05374ccf70,0.284843596959591694000000
0xac25e0ae571ea41862ff814640ad83060cfe3285,0.000000000000000000000000
0xac51f67f9b6676a65166de63917c0539d6a9a8c2,0.000000000000000000000000
0xac9ac50d7b4f2e5b51c2406fdca1fdd5a56b8de7,0.144354123300599136000000
0xad397e96954290f9b708aa9b36407d46a6e2e614,1.099294220610993623000000
0xadb9e48341324cd3a0568b57040455b6ffd1ceb3,0.000000000000000000000000
0xae6f36c0169864d8a6fa95e4666833135aac7dc7,0.264205772206001928000000
0xaeaf53ce24bef2c5977720361b4cb4bc2ed9ecac,2.123150640348628610000000
0xaeafc3dc324f3e933ff05e5dfcccd281336c2e67,0.000000000000000000000000
0xaf0e6f462c77a0331cd11f305aae34cfb71f445e,0.000000000000000000000000
0xaf83ad89b70867ed809a8ec7f3b6257afbc06557,0.026725675825152559000000
0xaf9b57166c05463acd364d647af7c352a34263be,0.000000000000000000000000
0xafe8e3bcf763cac726b426a6cd1e6a581d7cc762,0.000000000000000000000000
0xb02e506b8fc2c265dae2cc4a29e394d6c050808e,11.367379991991679660000000
0xb0626b4d87c4a69744ab056ec9f0074922a909f6,0.004861552988666803000000
0xb082b15d0a7b21bf00c307be8881b36c8436e0e2,0.000000000000000000000000
0xb154af72c7f5760a92c46193aeb24ff8ddd64488,0.000000000000000000000000
0xb1682a8bde9ad01a85a63cf2223bb1025523ba45,2.301635774825693164000000
0xb18da359123e3f3f59784869f509fdfffa7dc2cf,3.466810285299433873000000
0xb1e35da83e2aaecf5f24974c8d5a14294ee9d1a5,0.000000000000000000000000
0xb1f1f1ed123f3395ded1d31b18353246e21bdf87,1.575057572244882989000000
0xb1f1f1ed9e874cf4c81c6b16efc2642b4c8fb8a5,0.000000000000000000000000
0xb20fb51a3a5dff35636ba2fdf63f563c353a5e11,0.000000000000000000000000
0xb23c0de2d546ecb88a012dee063e7ca5f43f678f,0.036274760902215735000000
0xb34be8fed7336ec66dfa012eee535fcf40c047f3,0.274452255751745925000000
0xb410e5c7314011058d48df128cbdf1bdc3cfb736,0.000000000000000000000000
0xb49cc6494b75f84aca36160e859fce5c5da16cc6,2.706109379134353605000000
0xb49ea6fcdacc93bac41760843186d1debefbbf8b,0.000000000000000000000000
0xb4a68fe3b6ba59e93753b450839c18cc1a964754,0.000000000000000000000000
0xb5677a32458384ec4728a20693c99206410608cf,0.860369959225277705000000
0xb5cabf0bd9b86b686e2e2ce75bdeae953fb3901d,0.071090580741026742000000
0xb5f6d7e19c25d28d89f341ce39c4aaf90f88bd74,1.301246493636833480000000
0xb664415eeffbd66d7b3553cd74128190cea4401b,0.002215144973608013000000
0xb6c22b2fa1bf4fd6abb52d5a50977a7bddcf5f84,0.000000000000000000000000
0xb6ef182c8cc21300cde40c77fba79944230e13d9,0.000000000000000000000000
0xb6fc623bb92434ee3f942f16accd501303f542df,0.000000000000000000000000
0xb72f10f7f36ba787453f04ae3deefb522f066a8d,0.324657576051754164000000
0xb7579537d7b66e5aaf2e63b1b9b11804b7745d6c,0.136969316330855588000000
0xb761b171d38d398f2f1c99faf10dc4639ebf198f,0.005677280794357691000000
0xb7770d333377b7cf3a6b3dd609f9c50e3a9e5b08,0.000000000000000000000000
0xb7b1cc940cc88640089028d4910de22e39e6d117,0.040666489696480537000000
0xb7dd00d4649335267ad14be28d4f140c289a16b7,0.000000000000000000000000
0xb82a4d141613f8bcd577e0c4635a9e18a1593e7e,0.000000000000000000000000
0xb853cf963e4ea12db49acc44fb0c3eb4bae3c196,0.045016386691629626000000
0xb894bd1188ef0fcaebb1a52a94dd9d0ddce2f7f5,2.962910827766832898000000
0xb8eab4f32b1aeed1db10008d42d8461ced54f67f,0.000000000000000000000000
0xb933c2afd7116aac86ad3835c9df86312326aa06,0.095002268334026142000000
0xb9388206648ce2e17ec5e536b558f0707ff7517a,0.000000000000000000000000
0xba07c823f84bb2aa1cfda61cfa957750f2cf0022,0.000000000000000000000000
0xba08fa5051b64b99c2a40d4220b49ae26fb25616,0.000000000000000000000000
0xbad11c49c5a041c7d14d9e987b92dae8617832da,1.608096917989538599000000
0xbad84ec71ee838d3826f69053315aa229ac1a164,0.273465946505705435000000
0xbaec6e3a6615004fd8ef3f1a3a515baca1192eb6,0.057626529105736879000000
0xbaf20c6808bff5a2720801da368f20758ecece2a,159.322486801177161384000000
0xbb4b5c6b45908ca5c6fef1aee587d9237202b924,10.599964600457238766000000
0xbbbd9cc563b5aed7b1281aece724a022725164e1,0.000000000000000000000000
0xbc110e46628c408ade1f675ca4965b24b5065e1f,0.059622301750501611000000
0xbc3f3cf0c356511e6ed250c58b8a23db54e6475b,21.022034673295845405000000
0xbcb95e27a19e9fc309ce9827d6336d20758697fb,0.000000000000000000000000
0xbcbad7e8c196ed9c17959af49964f9bee9d9c1ae,0.104110768625708949000000
0xbdfc63205996d5e5723c91dbe9803ef4719f3e80,0.137508102973251610000000
0xbe0630e6dcc23f642cc87c5f744b3d28a5d1f5cd,1.521998138426462238000000
0xbe07d793f1918dd854f8803208b43fa63d253abf,0.000000000000000000000000
0xbe2021cfe9fda37c7b1a1c4b267e912e94979516,0.000000000000000000000000
0xbeef1efee5938c2bb2fd99f5fb7ee015c3d81c76,0.013076346517159444000000
0xbefc47462c95ab50fda14fef76c94469712dbae5,0.000000000000000000000000
0xbf4113cb97b794b5be0cbc1f4fb9399e27ebf10f,0.233876306669322948000000
0xbf7f1769664e2a97b81a2d46b2fe2e98c1706321,0.650856562191007744000000
0xbfd3a03d5a4625207546142a0ae516072a5f3e4b,0.000000000000000000000000
0xbff617eb937744c37b8b71e34c71337d8d270328,0.527487878293372462000000
0xc02e71f82f883b2b62913f72ff9e9e8edad2a290,0.515282710104511663000000
0xc06bd1e348b1450c39ee5c03067c2f1581a10988,1.088351813135279658000000
0xc094b5fea6ccd7e7583b522aae88d78734c9a409,0.000000000000000000000000
0xc0c0168753b54dd657873cd2749b8dbfd8778ea8,0.061129133628726569000000
0xc0c21f1ae0c7c194a76168288dd251e0cd551ac4,0.685766920927579556000000
0xc0d47ae3b0972b02abdd1bb168f32f162f26dd4b,0.168367009329727426000000
0xc10e944df3e4bb562dad250000b78b8f95338a55,0.000000000000000000000000
0xc256af132ae488ff25b8d80d459600ae3ed87d83,0.000000000000000000000000
0xc25b8fd380755af384a8ee6a2afba973b0030675,0.000000000000000000000000
0xc341769884006b3c3d9342ed4766fa8df67d935e,0.000000000000000000000000
0xc369d7d7417c2f5dccffeed4a2df108b452b5073,0.000000000000000000000000
0xc3d35f4594d8b38f2e8561c2029c4393ab0cb15b,0.000000000000000000000000
0xc42add2f7762baef157ee8b4513d371dae78d27d,0.000000000000000000000000
0xc543ead9f73b466550d8a5d11187b683a4f92367,0.000000000000000000000000
0xc572779d7839b998df24fc316c89bed3d450ed13,0.000000000000000000000000
0xc5b425dd91fac3e2eb1ec5ecf8830f9fe9f43503,0.000000000000000000000000
0xc5edcfb179a14b809775d1632286f4dfa6c05022,0.000000000000000000000000
0xc616b69b54c32f4b96f6ab02989e95a7991a9d08,0.000000000000000000000000
0xc6195a249c0c4d458bb354b88ea6de8c59307403,0.000000000000000000000000
0xc631c7585b6c6b86e5c814e3c113f535ee2c9f97,0.273451540145540541000000
0xc641873e0ad5391b63c92147c513431826eabd8a,0.000000000000000000000000
0xc693af0eb57214db3159485e745798f38b7848ff,0.000000000000000000000000
0xc69750cc8e5f114d14aa8e5f92de994c612c58cd,0.000000000000000000000000
0xc763b85e28d12b9562d0258a750640c843a868db,1.709333214649861935000000
0xc7c69ba1c57c25da15c4e6b53a7e045bcd85de0d,0.000000000000000000000000
0xc7e314145ed69a1990bdf52bc3a52b7c14cc7887,0.262897708814901745000000
0xc7ed4b9265a375d753f56953227506d499903c57,0.000000000000000000000000
0xc85f9b0b26f156a367755bcb0e292b7718659849,0.000000000000000000000000
0xc862fdc311ddc49dad073e82b60fd1132461702f,0.010347989017524091000000
0xc866f484f651231492c41d44c620de9b76e01e7f,0.005163378840533622000000
0xc8ec350f72078662e7222e1aa5c8199a7f6ed08f,0.475120220300238518000000
0xc8f9c074cbd381a46d7363009ddd09e76ef6f025,0.786366261307655385000000
0xc9017cacde5d2691c6183510d4824085ff166702,0.106725273700370376000000
0xca5c5ee6c039bbe98dd84fe47536ac3af9da8b94,0.000000000000000000000000
0xca8ec628aeefcc12377d63d5b32dac07da3f0dd1,3.694245468119665464000000
0xca919483c2308740dbbf13c718797bc836b58b8c,0.055305154395951344000000
0xcb13f964dece4c8314f1a6962f9d080dfaaa27cf,0.245068624737942911000000
0xcb2cfdddfb4e9cd048ed7f640b14ba13e99dddce,0.014067811623934255000000
0xcbf40bb3cab67a57193e74185023c4ece8426eb2,2.206946868013377792000000
0xccbe580adca967acd4af3b0bdf0f721635ddce69,0.000000000000000000000000
0xcce7344970914b6f864a7041462c2ed1c219b89d,0.000000000000000000000000
0xcced6b8a197eb40033c2dbb6fb91a41e6ba908d9,0.504514216013449530000000
0xcdb286bcae63754f53ea264aa2b107c3f230f695,2.719839107451833553000000
0xce05208c29d153a11f9bc09135a22afd3062dc8b,0.044913581891687538000000
0xcec62d774f1cad9672aba13dac71c1bcd421e922,0.000000000000000000000000
0xcec74d380f36875f51da9d79e92b3cf070c6597c,5.433950142184559477000000
0xced9450c4671b64b27c0614bea50676115f5b6e7,0.000000000000000000000000
0xcf04f3cb862cd00cdaaaed3738977a4af84688fb,0.000000000000000000000000
0xcf15596dadbaaec3c604e6bbcc5900a4b2a489f9,0.454557010033876699000000
0xcf38c987b4f498eecf2ff35e41045bbfe9747007,0.000000000000000000000000
0xd00c8f40612354641f6ab43b2699d46d3cd6ad88,0.011178609751527036000000
0xd052ee0624cdb37a8bd20978e81550606dacc0a6,0.000000000000000000000000
0xd076e579ebfa80b3e961d14d8e2145b6b06d8dcf,0.000000000000000000000000
0xd0c3ede11d2373ef1e046f6e309c034f7e7dc6f5,0.000000000000000000000000
0xd113be4c10d0c06ba3861e19c1005708a9e81ee1,0.000000000000000000000000
0xd1b5d86554c8a4334ca4091a9677eb4fbabe40fb,0.316022371161592439000000
0xd1b9b17ba11655e5c81b09a81f381ca2b00a856e,0.105075489481376759000000
0xd27853f929e653302719a05492127dafc8285b72,0.000000000000000000000000
0xd27e6f302f2680e804919c8b8137e15e1c100555,0.532063778830141636000000
0xd28f814faa0e549c1c58ea99d5477ac75ae37633,0.000000000000000000000000
0xd2d08739ccb07d06f5b18bda380eaef5a2c6bbc0,0.000000000000000000000000
0xd306dc1639a347981f0a6b8f5faee70df1338e95,0.000000000000000000000000
0xd376f87249f959555efd518129e29d4d792d4847,0.000000000000000000000000
0xd3f3cebceeb5939f2aff7499c1234ae471159dac,0.146271714770283467000000
0xd437943d1c3e2f43bdc0f4543d9ab096c614813f,0.000000000000000000000000
0xd496db2870a6a18e073ab1034e49c85ffd85f02a,0.000000000000000000000000
0xd5600322736c27d331b529ec9dc7a1d051824d44,0.000000000000000000000000
0xd5612dd045399350f27eef4a198ee26d15ca7ac9,0.000000000000000000000000
0xd57631c7c1b1d2585deb373a13b1d8bf01510d5a,0.006559148559633354000000
0xd594c4817688e9d38f40bb475834efffce3e780f,0.000000000000000000000000
0xd5972eb267792c21bb76728301a8b0eaa0a75b26,0.000000000000000000000000
0xd6e0bbc9897111892f600355e808ecf6fcc46670,0.304425764403901523000000
0xd757f002d43dcb8db9a4e43a8350aa8cccdc4e4f,0.000000000000000000000000
0xd79f909138085994dc23da207454991799f5f86f,0.052425625360027648000000
0xd7c20bce6201c0254cf9b11945a0bf622a026dd4,0.000000000000000000000000
0xd837899074697e0407cfdba77d5718046947d017,0.000000000000000000000000
0xd8848f913780f0b48c74f52d08bcc7f53b7990e2,0.000000000000000000000000
0xd902846499ad9930d748f5dd9b4ddd2d0be8ef30,0.509781059620270310000000
0xd95fb45a7f31c812c5035c47c1bc79a3f52c384d,0.000000000000000000000000
0xd9b9d3cab61b7c9bc4399776aaa8e2756bf3debf,0.000000000000000000000000
0xd9fdd4849efd8082796ba8b51ba1f29bac6ded4d,0.000000000000000000000000
0xdacf3596a1e72d8ef11554e11920deef0dd0557f,0.007082914012210864000000
0xdaec02d97537d7c0fe3a53243e71cbd041ba7db5,0.069083183190094035000000
0xdb1b681e9e9a374df017dc072bc109d4b0f52ac1,0.000000000000000000000000
0xdb46fbbcafc9513d19323c456c4e11128a55f424,3.291480628531263117000000
0xdb9e7292984b3724284e6e61f329cf6225acf9aa,7.455099699022977980000000
0xdc1aa050d49671675736fa27238d0ad7dff3d830,0.000000000000000000000000
0xdc2915d997868fc04746db9dc645980d7218e727,0.529127518112804941000000
0xdc386a6a27c6d21d1edc96ba8b427fba545c1e1b,0.000000000000000000000000
0xdc62f764fe57b13600b2ddc77d7c5de0b41f8303,0.003123044061175556000000
0xdd77a81910f4513524bda1394a3de2237e4288e1,0.000000000000000000000000
0xdd8e611f76983955efcf6d78d36179e14ebbf3c3,1.257596281087358626000000
0xddd6bfa72d1a33d958556a6a4c3142ebf78c6657,0.000000000000000000000000
0xddfa3a1ac8a259c2f9ea17fcae0f856303692dda,0.000000000000000000000000
0xdec641999c6fa7c74d98041d49fc83ae7f7281e9,1.153116232467731697000000
0xdf18a1fba13d9b19a8e18f6f51baa29a787f177a,0.000000000000000000000000
0xdf5b7cb059688ff15a7a7ac0636dcb665e5dd118,0.000000000000000000000000
0xe02ca790fc3b5053f9a4b4d67daa63af5e1094c2,0.000000000000000000000000
0xe0615a34747bcf6e3c82976ad5e98b1c455abaf6,0.000000000000000000000000
0xe1b3cf94d1c59a01cdf3ff544c1c4c01a6dbe3bd,0.000000000000000000000000
0xe1c8169f3446616cd573ab23e40ba5e36266bbe5,0.000000000000000000000000
0xe1e5f55552ef8316e3240e0e845b5e29a45199df,0.000000000000000000000000
0xe23cc027a6bc3aa365c4db8c91cc29a25f098cc9,0.000000000000000000000000
0xe35936cf727af316a31c6ebe956e6dcd441c2706,1.106263449975154214000000
0xe409a4746128414bdd2cb684067be2b69b946461,0.000000000000000000000000
0xe4a3c8ea763789a75e2cc102829412da256f576f,1.572649282852473032000000
0xe4fa808b1b55b22292dee5d02a9cee5618219889,0.000000000000000000000000
0xe5049d82716491937039f5802fce7f87726202e7,2.860289990965736001000000
0xe5110971c85d7e9884a8238f83b402453aaa9bfa,0.000000000000000000000000
0xe5df95ba3bbbae9316afde7869baa700e8336967,0.000000000000000000000000
0xe65276e8a6732143dfe95238a6e45c8c0a4c0331,0.000000000000000000000000
0xe6654b406820e9fc6ff789650dce05c410c44cab,0.000000000000000000000000
0xe685dac8d451e8b50bf20705e9ea2c737e17b13a,0.136641197672180673000000
0xe6acb269fc4e03d2cd10503188b0996799d4f9c6,0.261118434916269821000000
0xe6f73c1ed0e53a244acb9f6b8b409cd87732180f,0.000000000000000000000000
0xe70ea50017dc7396dfca44b8d3732b52909ddcd7,0.000000000000000000000000
0xe71f2708641fb72fb9926ddc4434bab9c6427570,0.007875906922427099000000
0xe816055ef6919ba13787f40c8f2dda7a5a645be8,0.000000000000000000000000
0xe8b92a7f16c14d64d3d0e90cbc9751b39836d3f7,0.000000000000000000000000
0xe908e199c6062e7004c1d6604ece1572c18e7e28,0.000000000000000000000000
0xe909b1a3a30301fe2e83dfd39e6b495900ea0762,0.000000000000000000000000
0xe92c77add1e7872f51585d9122cfb764ef8dd9d9,0.844254970810160253000000
0xe93f560367c8884d7c41d13d117b124870b4177f,0.278965443080154328000000
0xe958dce2337acafa8a3871533053b12dbf095a52,0.000000000000000000000000
0xe9ef0b127e641f6cd2910d176bbbb3fe66657513,0.000000000000000000000000
0xea07a57ed2a9d5bf2a0a4b33b57da52a6cdd2f5e,0.000000000000000000000000
0xea4c63728dbffa07a61c16d11995620f6298a27a,4.064277631366198210000000
0xeab6bbd8538c134836a53d68b0c6f0bc1b6fd58c,0.312998270331306331000000
0xeac373e447591c3cb0d45b801fd2c273b84eee29,0.000000000000000000000000
0xeac52696f8a1077f26a15e53cdb3f71ec0d2d675,0.167401694819663649000000
0xeb8f2365dedb057255ecdb57ca772708ef071f0b,0.000000000000000000000000
0xeb93dd53fa96207459e9775123c1681a0c91fb1d,1.248254953103262560000000
0xeb989850c433b103692a7d39d66971a62874d745,0.013680266697538402000000
0xebdf5624146db430fa85f28a0929bba7e00af9c7,0.804803802406540630000000
0xed228571857a2dfc3a19e5b920c5a5300b02bbee,0.467799952679964010000000
0xedd12f75de30c3aa505d2eae8898b197d57eb8ea,0.000000000000000000000000
0xede46de42a2f55ee802d64b31c434fdd318702f3,0.096653985268584401000000
0xedf7962e79d284d90b87176bc0bb005cf49cc282,0.000000000000000000000000
0xee0a47030e22e8c87c89dd0b25d7b7f7edc3378f,0.000000000000000000000000
0xee617d88269e12c9722ac72632c32c4063ecb567,0.000000000000000000000000
0xee9ca24fb62bfc021e1a46e09e1c1cbecd3341b5,0.000000000000000000000000
0xeee1e314eec2c3161cb2193e3d7d64b45d6c284e,2.159294906838781214000000
0xeeebb32c9e9461561584e689dc7589602495ae3f,0.000000000000000000000000
0xef1edea6a13f5a9eefd1796f1635dbc19f2a49be,0.000000000000000000000000
0xef370be9544f1133c0623e5c5e80414fab83ea39,0.000000000000000000000000
0xef6c9261175d8dad2bd03af7172acda1474f5039,0.000000000000000000000000
0xefd36d022c0099579715382d5bc929f16e14a984,0.000000000000000000000000
0xf032319715e0be1897eb8dabba71ad43530d4fe5,0.000000000000000000000000
0xf0435515f74ddcdba208c0edc0145f69b3cd1176,0.538294363117423469000000
0xf06c1e37a22e5f0c38fe80c7757bc2e991315169,0.081660201561563132000000
0xf0b1966e33fdac9350491c24c0c5d7a8f11bf06a,0.000000000000000000000000
0xf0dfa02588cf8255837d6c03958b2dbcef51f28a,0.000000000000000000000000
0xf1117b98c8f064f0f9b93232a01cd846603e75c4,0.006360429108302938000000
0xf1bd9797ca3c151109a003a4cdfacb49aea5512f,0.000000000000000000000000
0xf1c0e06d3de190b81a5f20435ac38be2b6e8551c,0.560915553109436263000000
0xf203840d1d187d2a6fe4e9e2f62a5181a0e07061,0.535588500006962660000000
0xf212a3c997a938291b08fb031996f9f024e041d8,1.812309775636532573000000
0xf2218b1173ef3fb8b32179941e8316d00d0d2fb1,0.018095995415830088000000
0xf2269546983d67f2a2975cf389fdc69e4546bb54,0.527394121765577271000000
0xf2c16c97e64ca3917c7ed7fd04b3302af114d884,0.000000000000000000000000
0xf2fa7b35e144e55d6f32b15bb5920a8643222dce,7.289802687244382744000000
0xf36dbb3f21b19d9d483cb16cbebb97cd7b9d1266,0.000000000000000000000000
0xf3901cc67c0afb3c2a10bfeb05c2316c04d96404,0.000000000000000000000000
0xf3d6165069d001495aab3cd05bd1358812bbf423,0.525381050536609144000000
0xf40c09c763e0a64f409807df50b986ef9b04cb6c,0.000000000000000000000000
0xf4b870b27ea1641235aed1d49ec77f79b03c52e0,0.000000000000000000000000
0xf5354ea7f1958fe1a5a4227c6ac8aa42a12e3645,0.000000000000000000000000
0xf59f7839437cc470a0d5f6cd55c45108ad1ccf44,5.860615130445029677000000
0xf5a7d5c14ac67a0f26f18441f6088867114f0aa8,0.000000000000000000000000
0xf5ef0ab7ebc229dbd7ed91b79c2b00898deae0bd,0.000000000000000000000000
0xf632b32c7082fdcde51cd30214a980b9e44e23c8,0.111933921844771093000000
0xf6e2c17475b3fac95dc90a7c81b0a64c4d4fab57,0.000000000000000000000000
0xf73c1bafcce45da271a2ef90449a6cb0fdefd2aa,0.111184356743997995000000
0xf78747c437acc5667a6e994bcdb0926f03995711,0.000000000000000000000000
0xf79f9c56609a9f7418156bfb81c54c6af1fbe494,0.000000000000000000000000
0xf886f503fdccb398d7b6d4787d8d74298ecfa032,0.035623898618888192000000
0xf887bd34d36c60b76d461b064c1fe247206f275b,0.000000000000000000000000
0xf88cc126a8dade0775ef45e19e370e9af128cc22,0.000000000000000000000000
0xf8d374c97e1f946a9ad413438b9d10e1304f74ec,0.116673996415006894000000
0xf94a590cc10fa2c1fa14b4073b80fa4696ba7909,0.000000000000000000000000
0xf98b3aefac3af24c5a98cba3ae1c40da6b713c01,0.000000000000000000000000
0xfa03891c1a4c60ab633298e9154ef186ae57a0a4,0.000000000000000000000000
0xfa1c78d702189cd2cdff37cf0baa9a22c25b3134,0.379399071123895446000000
0xfa36686bcbed433862e164f6764d47f295ae0434,0.024860303182708360000000
0xfa4e885e98aebf061bcc90f6c85880b45e5783ee,0.000000000000000000000000
0xfa5f2426ede1ef3eedf55374dee3bd832792c0dd,0.000000000000000000000000
0xfae6d69b2c8b74db17b00343e494e41ab5b5a71a,0.000000000000000000000000
0xfb2508a367cb370aafdde4ffd25b3f4d80c85381,0.000000000000000000000000
0xfb623381e5065e979620581e6eeadfafe1d6f5b7,0.137734988107753658000000
0xfb9a4b577d6d47e055aefc6362e9d8d6e352ac99,0.085852624310172901000000
0xfc274dafdbaeb176e5fd1b4d8591c7638919c084,1.085027060591768882000000
0xfc681ee61fd52fd06cc2dcc5848842a78a66b04d,0.000000000000000000000000
0xfc6de95c9b05e88fc1c645cd5f567e789dcfb614,0.000000000000000000000000
0xfcb4d1dc70449a88a164d0dd078b253d1e857ce3,0.000000000000000000000000
0xfcd58cffffbde2db16f9cffc0ca653f3310318e1,0.000000000000000000000000
0xfce4a14c5168828de791b561ce5f6d1dd0f1b9ef,0.000000000000000000000000
0xfd5812b3109f8b2eab4bb984a350fd30a621d885,16.684942964652361685000000
0xfd6e41a5b3d0ae8da966b9ee77d21a1809b4e27c,0.000000000000000000000000
0xfd969fb55f12c2a97928ed1ce0623110554b763f,36.691323251932263440000000
0xfe5fd4c96b06d82c36cc1e7fe44f08461722b277,0.000000000000000000000000
0xfe69710e79fdaafe88e3eaa9289f7b0c779e98fd,1.065319999532256138000000
0xfe79cd2b485327477728a38ad044601977661819,0.132449708711689615000000
0xfecc2485c020812b2988880b63cd717ab3b68ea4,0.085723131781373222000000
0xff124103af4bea4680c56a7e5071293f7ff8dffe,0.000000000000000000000000
0xff4e3a4a5c771fc79ce213959eb1e4246970be9b,0.000000000000000000000000
0xff738916c8faa1902fc399e8a30b4633fbe9aa4e,0.000000000000000000000000
0xff8338f1f99c80121ac48bf838b8330dab810434,0.036658054374235833000000
0xffc0161955b6b62027ca808e55a6d91b0f22ef15,0.000888821229715455000000