0x2e1e71b6f46459692315cbc944fc3be220516fd2,2.1205785111865E-05
0x7d29e51089f313a57f1492ac615c0f1fbe8f153e,2.111313139784E-06
0x54733e949758a8ba9b8f2d4519d91e44aee561e3,2.071798189214E-06
0xdb6800201f334f32f788ab0f7ef73f47963c6d98,0.0215751004459213
0xde528e838ef461bf2c71b63f8ab88c03ca2b01d0,1.803574483E-09
0x4d5af4843eacf5c5318e6913f04251b937dbf034,0.0120553583591686
0xf18159a00352e8663f894b84675352088749bc2f,10.3545089840431
0x734cbbff65d8d44a3e4dedb832c0beeeebab5e5e,0.884347883409009
0x20948cad130c3d7b24d27cc66163b4aaed4684f0,0.00213926536204405
0x9b508ad657ed5a139d1a7c97fd84d7b7240849cf,0.0132101084952961
0xd529b1894491a0a26b18939274ae8ede93e81dba,1.9371910274377E-05
0x077d9dfd95acf2d083fa76d8b58d79a31d229ae1,1.365973621797E-06
0x795e916860996ee17cfc43ab516fa8402ea20fb5,5.4513995415049E-05
0x6f1da521f20c6c536e516da45edca90cefe4f064,0.000262490182510918
0x580a9583f5414af5ce8b147df777b348dedef5ff,0.000915123876610932
0x8657385ebf4854f4b2d800afb9fa16fa62bb4fb6,0.00153264077555952
0xa9026ce18f7f2ec7de0c2eeac9106f2d2a0f7a0a,0.000158321106398312
0x38da21269b3b3d3f9a89dd57a10c503b0034994a,7.7687446747903E-05
0x7a4510d033986af688a0a8a9ef114d07a7b2a577,1.0559706906301E-05
0x651c636fc2adbb79fb2c8fbb1cf3a6f76ff1fdd9,0.0022521331766155
0x3748102b49205f3ad156d8e4d9c41cf0f595f82a,0.00384673676343847
0x32442d93dcfacce6f842245a40329804ca168bb3,3.8560578866146E-05
0x0415a37766ef8a945c1a38dd839c8b1f4feaecaa,0.0319598214736217
0x9de0930f571d16bf79e10f7b0997673a5e6424d9,7.78725159641E-07
0xa3bb988e1b551df71c1e785415acb5d02043f934,5.7584350039272E-05
0xbe53f381a7d5bca0ae6b50e5960e5935f2808ac4,0.00157132919983926
0x8c55f1bfded87df489233b529361e3af3e89d187,0.154200147226406
0xd136c1a2cf7b033093e449f72062b835254ab23e,0.00668639740927263
0x26e3204cf8d09a42a31b545dc5f654889686ca7a,0.00251586033715054
0xd908923d608468a0cc03b4f29ff3d7c575d6b1a4,0.0164545308619659
0x1b2f8f020c9406bfbbf51a0b42b62b73c1472763,38.1318890184359
0xf3798349360719105480c730204fe5adbb626637,0.00109245629248376
0x91a52fcfdb08a46db9d96f79ead5c2e0d4c1800d,0.0112232548407805
0xfc93c3010ea5668c1b6900a9fe87168b63dec145,0.000388219973120872
0x0f216b5c703233d4baca481c03af4310409796d6,12.5605405446323
0xbedd370f52d2267774b98cded04d3be48f40ffa0,0.606979278357225
0x615a7b0bdfc8acafa448dbb81b2f83b72151f238,1.189826877443E-06
0xd1a3e1c7ee71de429bafe79835b93e27ca4192eb,0.000153284917979474
0x17cce5c9194883513abbbfd454237595fe0f8122,2.215245433768E-06
0xf824de6fa90fcabe1f9e44b67b7ab02c89c3d216,1.21089053110651
0x96df52cc3f98855b107342566941d34e908ad448,1.995672555293E-05
0x67dd3d42b8c5ca35ab052546793bee6fafb9af86,0.104399994071985
0x85ba9e554e0c829a619023583c2763b6bbba7b5e,0.00424844039462063
0x1e5bf2dec0be4f7c417552f8a229260e7eaf31e1,8.841102735545E-06
0xd8b5c152bd487078bb243eab84a3f93a95e673c7,1.13228269019148
0xf34b90cfe3aa12b2d3b0adef31c69a12a8e3062f,0.000188290912877122
0x86a278dd8a44e0513457ad8c1a2fa954ac2830c5,2.3819023526419E-05
0x4add33c912bd2f9059a9d13a1094ad7065455ca7,0.000139784284086287
0x6f19106ad9ab58020011fc7b78a053592763422f,0.471057690233531
0xb6d14871b1b3e597f0c6acc17fd69002bf785681,1.894661867497E-06
0x33bd61af24582c8742264d6a06f876fba211ef60,0.00179056459801702
0x496564bead3f960c42cbbf19bfb165cf5e7c8852,6.428659320488E-06
0x34f712f6e33286150de2d85ea0d75ff84774a771,0.000702357233607802
0xfcf03ffdd0a25ef0f4c68528ce7c1e5a59bc0236,2.01926766377E-07
0xf2fa860ad989133e6909de22f7edcb137ee87d11,0.00021087474311975
0x062b47d378728f59ee18479ce6f29789fe3e749b,0.00218130933250772
0xfdb714222de5bfd1fb0571b22878a52488c46538,0.0311312735640711
0x4195e07a0e3cb2aecba22190861e64cf11252c11,0.000356545253595837
0x4852d27a3f66fe8c4e91885b8446630a8d4dae52,0.0185205361494665
0x30707a250d8ee649e772e9a120532bcc2289ab35,8.0296109791095E-05
0x8881f32e7b0dd0a3731dae3967367485203ffeee,0.0977660577796444
0xf6eb31aa48ccebfab520625be6ff234f588d21c9,1.3714589719356E-05
0xd11240a99c9c9e372bb323490c0c6c8c59d0c341,0.00298238634735629
0xd3e7183f85af100ebea219a8b831548360096639,1.6126331721465E-05
0x713239442018ac24d3e7f3ae1fd726ff7dc6b2a3,1.136663480871E-05
0x84d1e52a5c2871d72ec2d190e14d19a065c98726,0.00359109348108918
0x083e87f63996cfa13f8a21ddd28bacc5d7a29b31,0.000247442866580665
0x2996c4cafdeb92625c184823bb9b1c3f2943629f,2.3466409291868E-05
0x34047c4169247286ac653cd128b17f2282e37ee1,1.0586618804001E-05
0x2e17b3a20e6bdd09061083bd7af69fb9626d2d80,0.0822772798612976
0x7988cf76751664ef4506e55e7c53184fdb37662b,6.62760161742E-07
0xcccd8e327bf88bc793337e0270d368d814c3c165,9.308233653611E-05
0x4d5be057de46aaac13f0a09a97b04bdac1b23eab,0.000202872700652272
0x3a14285fb3f34a9b7c0109a14360a089f95b5430,1.93184791014E-06
0x04900d94ce6b1689922d8f0f672f8473aa49eb62,0.000187083204670691
0xd674aece9f0cb05d8600cfe436b7c6dcb2055295,0.302845390902418
0x49acc60fc88befec6cca547df2eda28e348eb2e2,1.931060281714E-06
0xddca6ad89f5e5129f7c8d6d3abfea91e905ea365,1.91152434924E-07
0x15593a3b412dd3cb7517b27f8ebbb69c1a9d1f78,2.10235721834E-07
0x86a60ccb0ce162ae28a730542499e630932f1806,1.91136855248E-07
0x8e722bef92cec5f2a0d10630933fbc318889ae7b,2.10220065356E-07
0xa450ac9244811359263388b79e67b8d1572adbc9,3.82026998612E-07
0xace2b5873300cd56544ddc3afec9f74f3e6fd832,3.8237384044E-08
0x27f608636afc3081564246e1a66cf6adb4efa121,1.9124206226E-08
0x384a0afa63774478346e80a41845c01e23bdfdbe,1.91111930802E-07
0xc3378697978253b1a7e35fc994abc136bb72927c,1.9110764225E-08
0x3fa1a7812170fe343d724407760bb3e89c15ae27,1.9110686349E-08
0x085a6c70b0cde3524d7938c419a3eb4de132a019,1.9110608474E-08
0x3b83d2ac69cd26b065b8c27d088a4965b6d1e3d2,1.9110530599E-08
0x583975d1f429ee06c00942ea274d275d394770d1,1.9110452725E-08
0x79d26efd3a554dbe73c32ba1741590ddef8d8c28,1.9110374851E-08
0x25ceb6b5948bd2431729c702ef8128949488534a,1.90895611927E-07
0xa1cb13d989b670abc1564b5376731c73cfec46c3,1.91099470821E-07
0x83568c98ea9292d48593a5ffc7600c2c9193e77a,1.9109518269E-08
0x9fc42890617efcfdc8b408980842d20f4b6650e9,1.9109440401E-08
0x56317008ad6ab22f6a1a2cbe882a5df0a554c1d6,1.91090126636E-07
0x4aa22e12f5de1c6f00bff27880c07d726ca017c0,1.9108488274E-08
0x91f1dd7821a1282343f93897969331bbdc4371a3,1.91080605668E-07
0xb2c5be97ccf3b01f87ff094aae90e5873038ed0a,1.91072819933E-07
0x5fd53694adaa8ddc8b036ff59b4586c0b6a881b5,1.9106853269E-08
0x7de4b8a6ca868cf80e91f159ca06c948fa703f03,1.9106775417E-08
0x27f7c972437bc6d4c13391af7167e77cd80a0165,1.9106619714E-08
0xef4bdde6c1c7c1b7c6b24b024e7dd0d67150ed84,1.91655756939E-07
0x40faebfbf68fd2bdd69104028143b304473e77c1,1.9106541863E-08
0x3f15a8d593a6626b23ead270f7b1085ae23ba469,1.910251260886E-06
0xef981774969a62bde05a8bf5181c0a19a36d5c45,1.909473238461E-06
0x01ec5b4d7e80a7a7cff94426c6974183fc89597f,2.09991878084E-07
0xa9fbcc9350b6daa86adf714ad8b00a1117113d68,3.836340103379E-06
0xb293190094503d59a00e8891df626d88a42024ea,1.915815135489E-06
0x3fc542fd5fd965df979e782464022e2ecd7c6324,1.9162093363E-08
0xe599b697573a428b693612a30ad2910330da5d52,1.9173872509E-06
0x0800ba02229e593b8b71fd03a0075d3f344010f1,1.91817011919E-06
0x180a4b29ffb8d8d3a97ce43b85afb56531b24f20,1.92737242669E-07
0xe8cd7205e53462e2c0cb87fa11bb9d6fadf13204,1.918944493077E-06
0x77ef643e3a471e811d080a173c6296f0d8973206,1.916595898799E-06
0x5a21376f13ddbf114d5bf42315475f99a39743d5,1.919728317705E-06
0x391823ac011c7eeba831ea65c82a19b8a640a6e4,1.920512622921E-06
0x1e7af32e5dacd50cbb8a06e61e28e6a4a1ef0858,1.914243808622E-06
0x88729ed327b25eaaeb55d600011815c61ab891e8,1.913463341916E-06
0xdd33f5cab3789f629315c2ebac37839c39eecee2,8.4079947472744E-05
0xd06d7dcbbba1dd43567a3f5cefcda456d49aaf0c,0.000225822484040431
0x11b1785d9ac81480c03210e89f1508c8c115888e,0.000148636905920264
0x747a573cb2d919eb993c05b8adafaed070740ba3,0.000827806039201068
0x6bdf6d03328e04cf4e5079ea347e0c413afcdf63,0.000330059856194914
0xd19030ea41cf9cf814f9053d6526f36aee2461a1,0.00018135530214927
0x48133205ed305e31b909c08b90fe0134fc76019a,0.000754662723170739
0x1c8a6c00bfb349eaf71fa5083ff65591ea939593,0.00014591419230869
0x86be7c25942c83584f257629048a89cef316f0bf,0.120639400763399
0xd301b2fa0864663196498e0037bef4edeb786242,9.483745675161E-06
0x97013995b4866f7279e2bf6dbd7677529b21a762,0.00138002734223815
0xa8abeda9e7558176ad3b9c86c5f61f641654ba62,0.116957946550923
0xede59b173270c8e3dbf27f37030b5261a59c78a5,0.000961644926315708
0x59a0c5d3c08f843bc543e50185de8f717b40bc66,0.00114312109831802
0xb151b559e2844e6007b3fca889ed6adf3b8a7418,0.0046102208489234
0xed1f577e33cc22c308581d676293f6e3868c2bdd,0.000855309145069231
0xc00ddf9977c4c3bcf0036fc49d540eaeb3052a23,0.000196681968509978
0xc4308143e06a3976c33c0ac6766294920454b131,0.00018986243274651
0xf71574ffef29d6df2febfea280fa98614c39c131,0.00324640253466585
0x6b777e7f18d2a55db5fbfb13009d36b3a7ea04b3,1.97275182646E-07
0x6f825b3ae38d96c54c9abb141370f9340d4b44bb,9.896028239683E-05
0xde209a715d7d0adb694880c1eb8afba28baf7e6f,0.00207461511700955
0x6b9bdeedd8f71e347d52c717844fad861b1748b6,0.000873802454754088
0xc7ad881c1749cb51bf6b34987c841a7117675dad,0.000893223059988257
0x15ecab64719c2efea2a0b9ef61726c72a9286513,0.00819068792701016
0xda5930dc7c0022ecf9a084120df232c24e54ddab,0.00540728059340323
0x3f78e0e8d892a9c97658a67af6d72fd0455dbfd7,0.0012678121161265
0xe37b9b9c7b4424d92d2bc11461ab4b8a083b143a,5.2210535487E-08
0x42026f4bab25fc1435eff4116347dcc268773a35,0.0434701954866962
0xa544eebe103733f22ef62af556023bc918b73d36,5.7813952606016E-05
0xc8f0b4558f953f1f32bc369d84c7762f9c80c238,0.00318130984315246
0x2a86cf4119a89957286a56632c99d363fdac2fe3,8.7248488838479E-05
0x11eb0408e24e3587125459391bbffda4808a5afd,0.000116458327272759
0x45fd13431af9f40e6926152cd2cb252d66ff695a,0.000744588429758856
0x8ca4f65f6468d60eafe3e007bddcffb79acd5c07,0.000170298662816292
0xf820e93951cf7d689f014186ab5d6cc21f26bed6,0.000460937628062068
0xad87648baaa0c59392060848d9a2bb8921cb2bf5,0.0025835051148703
0x3c74c735b5863c0baf52598d8fd2d59611c8320f,0.00547115220854064
0x6456669d3dcd986931c54348d29d74011922bdc7,0.000100001614663354
0x9c644ccbfd752be8f8fb44a53a66bb9367fa6f74,4.688808070347E-06
0x517809b835dfbeeae3ace98292251963c41fefbb,0.000233087258685851
0x0737df3df026cbcfb205ba02d4f3527588f06a2c,0.00015413805631051
0x2c0ea9c369dea5273067e764e522b680aed5018d,0.000777601889577588
0x643581d56424b4e9d5467fe138aa5206cf660bca,2.8554560615209E-05
0xf6ab8d6f745da9aaf5542c6f38af5ea55ed0282b,0.000513466641531408
0x531c538022494b0d5244d4223e5bcd1057e16ccd,2.450245610107E-05
0xd6418ea9b1493bd4702018ed1f4dc2f6596f61c5,5.256018842553E-06
0x9e38127bb62f2bf3f26fe87ca609f7b22127bb69,0.000324533076537287
0x5cd6fbb4af3b340b7a441e3cbff93c2101ccb24e,0.000287046913186224
0xf4a3adf696838d8f8035cdb4fcfa9403e3a16863,0.0789938046157064
0x4cc883a27a74996b8351f8cd8d3bd48f9cfe2775,0.000308855578076475
0x5086c33af2a44035d8ecb7d505317028aeb8429b,0.00811660595568695
0x11b8e0c92cec1cba22fe07cf333f8850310cfb21,6.2927798173045E-05
0x6b51ad7adc0164ca2669e02b940f339092341b0c,0.00952707418789567
0x9ebee127c4d383e8b3988bfbae8d127c816c57bb,0.000184770158381745
0xc6807ba1d89e6a0ba7e3c4b07bf763d9a9dcdf75,0.00647223717449045
0x56e08bfcb29a7e9121251d9f45e5694e769e4786,0.00112866996964012
0x9634d2028b956e1b31fddf914241dfc97c7fa18d,0.00408117113875529
0x56820ab8b3b401d2bb376dc5f3414f27a7b54620,5.7782372265261E-05
0x4e5e21ea5aa614107c9f918df542a5f036eef88a,0.00254283444689091
0x366ef1ebeeb3a046b54d1c890aba296f10896034,8.4418487E-10
0xcbbac906a26dc3830883d9b573c7d1245968ae75,0.132586015467308
0xce7e15acf3da916a4df4842c3350248ad74ffc79,0.00139423752024849
0x64709afad07004beb53d76ff26c5549a84f3a583,0.00163856702092301
0x7474f06ee52b533f4ef02fa00f72dc25c0b364ea,0.000741237955479191
0xe22d76bd56f06f595abb4942f701028ee3a85b02,1.3619901E-11
0x40be1af198187001ad509236994dc9a634525bbd,0.00149196605352192
0x9de5fb2e82681cbf0f9885b2e17c7aadaf7c6a32,0.00191945185792191
0x0ff33ea1b4aca9ec2878d73590b99d2fd8334818,7.1197841546336E-05
0x0d0bd6469be80d57893cf1b21434936dfaa35319,0.0214454310136571
0xcb492647cb51e243fb2582c0300c4c7573acdebf,0.00284236804319681
0x7e768f35e52aae47fea86d1ea7ad05ee263c62ec,0.000666611103974485
0xfd6fc5e5beab0b30f4af4c692ace034d93fd7f7e,0.00684812871120683
0x69f2c68ba6af46f9f48fa64d28d7cd89ddc7d7a2,0.000569881966092831
0x58f74a69e24087deade4db595c4dcb5b2c1448b7,0.000901659187042817
0x28d11cdfd0700e1fcc6e041b78cd8a19360e4fbd,0.987843137263965
0x29ac646b0b0386944a0ba528e237499042abf79a,0.00216493176979257
0xdace41807ec5a1db1b92ce98b7a7f713379af2ec,5.033899617807E-06
0xcfc60af8edf7b9c36353f93ac5c9f47014099fdb,0.000173008947522648
0xc297434911d5a22eef2925a63e78d211a77c31c4,4.4255575873571E-05
0x87fc1313880d579039ac48db8b25428ed5f33c4a,0.0385084110485738
0xd6c23e2c0e19dfdf8638b076f1d076f7b29b74e1,0.00142713043939451
0x8fd9dcf9e95c9db60dcef2da8869c20c4bcce7d4,0.837209013345346
0x330a0f35a55e66b7bb96ec57548e0f2851d30cad,0.0079070146224133
0x53c40473dcdfd927c4201ccfe24e314a7d7c3584,0.181162932437317
0x125ad150043f25a8c0a09c8b82ac2a26eaac1400,0.000297117851996028
0x4e77477cde828befbfef51c40b05b465de55c9c0,0.0722426478767356
0xc506bf5806cafa29e4bb35112fd616fcd43707ca,0.0732372855209027
0x20a09353d0c42d2b8b9725cdd12e1d15d397c450,0.000164458034849176
0x17c799cdace705052594a8aee92d1437c859c1ce,0.000466095219675043
0xb8f3633b6de622201d3e139a04501c76304c1717,0.0748772074522421
0x92cb71850aa43263ebaaa1e0ed3e78cb984915ff,0.00121697836018882
0x2a23d58ea4b5cc2e01ef53ea5de51447c2528f16,0.00162460703450525
0x580c24ead40621f2a65effda9ac43cc47ac268ff,0.000814970540940828
0x33b481103e7dc2ef8f477a001cdfef30379408b5,0.0517214848975029
0xc841d3cd1200bcc556729d2a7b11bd397bfc93d9,0.455490008180915
0x628d896988f2c56921f09df2aed3549cac359774,0.00175695381593649
0x345e3f10387c135b0a4441695ff34952ce7b7054,0.000124086342941426
0x8c993f365cc435c6778ef8a48a1cd66c0745eac1,0.000103695698328774
0xa4604a06e116b3da03ed8cef6878893f0083b574,0.00175654510036811
0xf78a5447c70cb426195dd2ba6717f29270afe660,0.000791897655935901
0xe43de7b1d6bb23b300d083b03021ca3633ae1c41,0.00535622225649634
0x7b71c7ef094cb91a689bf567c9c4e7a767c85d15,0.00377171361025199
0x973a74083b8e38453208d821587502a94d18ab44,0.000166633372488317
0xa00662bdd51d0635f406ac8b83cc33470af23667,4.612701143359E-06
0xebb5f8c3d931f9efc644e3f61801a2f72d3c1d2e,0.061267165101292
0xd52469e0d0f227059c62d8d18ebc1fe5fc642dc0,0.00145167086221769
0x837ac8ebe855c18afe461df9704209df62c0cbb5,0.0025813717539103
0xe72160a9ea8df954eb173051e635e1a492d6fbc4,0.128247367394877
0x826f80388629675e8ac792b17b7688ecc2f7fc48,4.4139194156293E-05
0x7018f4b5d8f70946d04f260f2a6101def9c7b3dc,1.42289340070722
0xaf11d44c9e1408927549b67391a2ab36a06cd2b6,0.000471668323281088
0xecff9446b4fac66ab6d8a41933ada98eb66b38d6,0.0229109169454801
0x0e1c0b3c3833644ace875dc63461a469442f8638,0.000240790338718038
0xedd924aa0f6dcbe1486ac9faac958d905dd383c0,0.106186338202012
0x0e34766cffcb9623f8565997329648ce07214d04,0.000149613766289056
0x608c9fdf4db38c6b83d3d6a3150ac8d89f3ace5f,1.051484439359E-06
0xc8ac3d88d4b3dccce218f078138f0fefb5e16b66,1.23910876995744
0x832eb24c5dbc31d21f9f908177e50d1d8bbe1781,0.0111729698732968
0x83239ebfb02b7308cca782340c0cd8154e37a9ae,98.2691072008287
0xbaec9fc6cce5789ffd5b9831223658e16352b303,2.42928707371596
0xe16c38fa742dbc9b50f539df0a6eca3426915ba4,0.0722960340094015
0x2ee7f9c6624528bf7d0d0434493c8081c9605633,3.1808918382754E-05
0xb630533115b9b157e68ea3bcfdce444b6f2ee3bd,0.000596942550038589
0x147c15ff9e8687e65b1b2a0e3b385a75584a5ec1,0.00529525173604584
0x82dd4d0d20acdca66f0df398510727a6ffa211e8,1.9908005420488E-05
0xe39cc453dced813e8fe4926592498a62d42c8c2e,4.69638360516788
0xa1f7c4b5a1cdc3fa649aa4cdf1f6670b9aaea881,0.0118860854308823
0xc11c4d57c68cb74110be0f33a3da887418e3d75b,2.80597840088683
0x283c6cd7fbe631d1270986e7b29b6945638f372b,0.0788543269469753
0x5497a72762b44faf1edcd2a68bc15d8b2f7ae732,0.0272807766797261
0xaf9ff2b12756d7adea6c381f5bf27453c2699240,1.25798392828829
0x5abc12c3e649fa075e14306bd2115e485327d44f,0.069333570371824
0x293ed38530005620e4b28600f196a97e1125daac,0.00998934357799038
0xca5d76113bb96d978aa4866904c9dba8ca19b54b,1.00609494313329
0xa570ac57b830975e8457c706e485e65fd9f4943a,0.707497990969682
0xc64b80009b7053f0525854497c43dcd094dab57d,14.9699780537314
0x318c477bcc1a8226f0e08d77cd960aea35f09080,0.327031945744794
0xd0d211f28f0116161abe9334476dc3fa32115fe6,0.00432759657734229
0x5c641e233b3baec11a6a38418e6921c4af16f097,0.117135236387287
0x4f62795978c0cf567c622b15009ea44506e42b9f,0.00121415980325493
0x6f007afd2c6ae01dcc1c3f526e81e1405477a0ac,0.0455787871711238
0xb1d70a6719e841bd2ed7cda595ca03276c66b8ea,0.00973998984447006
0x2061530bdd693b359761b378b05e1d55abf98c32,0.247284091772471
0x96e2362bc2ced9fc844d75928961c8596fc26ccb,0.0816046576705599
0x454b301dfefd69bee12897f814af3248fa3fb43b,0.00473104244679939
0x02ca884e10a36b822c996a3339bdd21417a4d092,0.117621811521682
0x08cb1173f70984fac66738aeadf417d3f695715a,2.78736927E-10
0x7511b3d9c01da239e4f0c3d48e190949f68e2b03,0.00395776283321516
0x402d2e6bf8930dfc4c02c77d413ff705b1de6bb7,5.05382778014472
0xf4a5df4fed739353814383bcbd03afbab4d55830,6.9780727984198E-05
0x4ef9a651f8656def8454178406eeae16fb7ca458,0.030511762531507
0xdad5b3ecf8a189db087773c512a64506f019541e,0.00303112366353213
0x512bfbaafff0869b132e4c20b38aa1964f165ac3,0.301050913091007
0xf31e5a34136d6dc4ae4407e13bf0988ad0242dc7,0.634145895801424
0xc8f26fe7b5d92a65d8a667566de183c7391d0336,0.0997685532328025
0x8115afd8dffce5579381ad27524b6feeae917bef,0.157800794863113
0x1d77cb163fb9a50970090ddc9e4d9bcd989f8ee4,6.3697589177866E-05
0x6394e45a04a4910771f3cc259f0a5ef88dc6c5b9,0.0144205303051649
0xa9d59b2d2d1c98b5a26c35d2b546bb275bd27bd8,0.039855430873358
0xf96f7105ce7229968042115d36a7d60af8ad87ef,5.129508936725E-06
0x09402a79a050a676b79fcf6677d32a71392e28fe,1.1133643E-11
0x3b4fa9a68b209c680f0487abc8afc6c682f10bd9,0.0105139251418142
0xf4676c538b73b9b87510410222482b5478dbd13f,0.0150361702049579
0x2f444b9cc665924629bc320fb252641e643ccc56,0.00265811311152932
0x0de6a70496a40571fefad12cc3da5a6c68ea1bd3,0.00592446324444402
0xfb1dac393305fde9f48a1e28151e4dea8bf99280,1.12181628222973
0xb467b9c09aa44101e9d62b4415d250efbb412167,0.566883501812739
0xdaec02d97537d7c0fe3a53243e71cbd041ba7db5,0.754633044450197
0x8fbb1b712bb172ab976dbfa53e0165d64a064fd2,0.208227283945517
0x1dc6796bcc68a1e14d5ce42ca038536fca288a9e,0.000180461754325809
0xb2803b97d5a6f55d614c8e510e0f1b547034495b,0.583615829115441
0x5282ed7fa2623d9da4b744932018973c2b6e7387,0.0356154336688944
0xd5bb397d0a57de4f07cd6556f193a011ab08a073,0.00303714204705413
0x06644f3054d2579e8b7425436bb6ab13e91999eb,0.13228184910344
0x34342347b3d731570284e462343ad1df0464c24e,0.266944255518911
0xcedbea9906500d220df5a064ab0a91bfc461ba23,0.0271279940694577
0xbb76dfdb99553cc6c38c2cdc10debbe5831dc593,0.000800510831636001
0xded284b5c60ffc7bdbe707a10de301d566eca86d,9.637293523283E-06
0xaa347d21a0d2c5b58330fa5330888416794b8d21,0.93253487172051
0xc97422ad6e2007eb56b1342c2df6a6876b520ab8,0.000230965347651521
0x09de80ec5dce2ed69f619d1df0545a3181a29b11,0.0215625735044901
0xb09a141af5417e91b9ed710bc0f78f01adc6042e,0.994107564586902
0x02dabf39897cb9c20a71a32cd5378abeb97d69db,0.051544298686551
0xa33465b4530e3fb2a70613c8e0b0dd1150e34677,0.026275386546054
0x5e53ce97fcd3abe46f1ab45abb3e9a9c5e19f193,0.000853638557217372
0x9587728f8e0f4426144ef7be4ea742805497643b,9.558600771E-09
0xf3e5d37efdb7d7efdb2d0e36ebf91d9c755bef30,0.168858274247186
0x74bf5b9972da24406c2c046494a5ccbe2fba28dc,0.00566920167258771
0x5e812a00a2351810156f9b49d7554a7fb8c0ee26,0.493562185160836
0xa928add4ac06eaf404c64234ca3640296e9ffc5b,9.0420547237216E-05
0xaceb4e1a3c75134d9ffe87d7cf734fdde226c4cd,0.0890442244867234
0x0ed2f6795906ee4272c46bbeabd6bd97d2ef7465,0.000917295786545896
0x303d2fd0bd0fc584d4aaf274dba69417873e6197,0.00114157791125541
0x87bede05e99c3b03eb5fdd794777a52707334d5d,0.113897719196869
0x159dd24839290230ae3005d60b4410d84e4a179d,0.00915637540064789
0x7f2204f49157651f314395f4703622e3fdc8df4e,0.011624848180647
0xd4c3b12dd4b210d92d0fe23597c66815aa2511ad,0.092643186437688
0xd382ddf4fa3169c2a8589719aeb903eef2d2dd14,3.1607988557894E-05
0x9176fa969181058a8d477436342113d7299afc06,9.5470211637282E-05
0xdd8546ac08be8f00ec35443a1e20e526432052c7,0.0509299095990261
0xbbd0699184259cc130d5320d66aaefd35025ea16,0.200406103911517
0x6a6b22e61fb858dace11c8bd086c99866e9b3ce1,0.020490450147954
0xe40afc776c18d8925199dcce78d0b06c9222b896,1.642539919376E-06
0xbcafd39ec1bb9ad08758ce86597675a0719afbac,0.000279536429244833
0x33995fd4965765da3acbafdf0791b538a1d23ce0,0.00104476368651698
0xa8e5639028e7571de9ab094bfe677124ffbd8af7,0.325616592228187
0x5c070126c5ba8eeda8c9e15560083427459f53c2,0.00953087457018298
0xd4f2c972ddcc0a634f902fbcd0555fe56b634366,0.0181607193368261
0x40348ac2cdf68401746b594c725ab1291c7cf403,0.09883556922587
0xb0c757ee1b58aad5f4086a978f77a2726524dbfe,0.00302935835429525
0xff177e6eab3c67609aebc665186b8098bb9e1a0a,0.0720211132119121
0x17622d25ca7bfe898d21b8fd3a2857a6afff20e2,0.000573149759818978
0x8ede3d6abeacdc91684bd94f9062568b3ef4753b,9.5189314259E-08
0xcb3cc802b69206f9adecf6012eba507d5a61e09d,0.00211341521149218
0x6b5da51a7e2457741e05c12ecc8377d565e37769,9.5033296595061E-05
0x78eba146f3ee266531464423ee212bd3933ecbf7,0.0205063755093844
0x3bd956f93d6d701771530584f397c95a097fe34c,0.00927058740916616
0x30f89f5f4cf25f457b4d9cbfb64a64a97f00bed0,0.00209350348093366
0x3b5da661d197e97c62ceecbc89ff3f44fba0b2de,0.0044219669084765
0xf6e632bfcb7aed9bfee2385fb7730dc33d9f7252,0.00668941925275295
0xad1e0d4956e7996607056e3b3d1f3110864574a2,0.00029074405657985
0xff4c38f9d0da94fc4afdf2f4d45b549e6497318e,0.177453858586779
0x701d09a4503df93ed35108197ddc91dae66b4801,0.273098149564185
0x3e72a8479f6061eaf746894ffaf9ca079d6a0086,0.00013385878632671
0x0f7f1eeb6a151a2816831669b8326711451fea79,1.5357597758479E-05
0xa87603a6b257f95d6c166633b14e7b94f9820ef8,0.193521764577097
0x856b63349fb6c818ea7cd7305483ae0ef6956f6c,0.0300040885549598
0x9007b465ae4f356663c172592db1c1ab139529a7,2.77261221689295
0x1f1615a6193546126df27382f66a6e7cd2ff3973,4.073437269E-09
0x58a42cd66bb2c80255d42ad590ec8e8a3f9dacd0,6.66099628803133
0x6be0de667e735cec962d1462b5a66b6c2f296610,0.0327100740651209
0x3eb4bc178cd0b3e9bce8bc1761308d0a2bd9c3a9,0.0110532017971465
0x4ae525227c761d9dfefc4d7c268884151a118db9,2.0007432966E-06
0x749cc9ca0350919d7439c16c14348cd6e733bd3a,3.7311119568051E-05
0xd76448a5580f09e139f9ef0230859ae0d6008479,0.0105487870712372
0x1342eac4e837380e66b916de678dc7efd210c595,0.0137225050972221
0x2d82b5002e9dd9ed3e0b348fd8ded2dceca8e275,7.44649E-13
0xb63bb0e60db6ca97f2d4b29579f9a2b694b3d2f2,7.9101265476E-08
0xd2050719ea37325bdb6c18a85f6c442221811fac,0.000249244928147091
0xc1d4dabe517b5715077082ade69872ab82f86899,0.240409272116372
0xb769b57b7201b287b2ba4948c7398349ef4fa89a,0.0675331305096656
0xa360479fae978f20a3a6d8073cf84fbad603c706,0.0329236397816605
0xb17f433924053ac75f37c5c38f0e4be6d4868320,0.00794814344356875
0xb2c7fe39cc240453cea4ce03067d67b5fd049e20,0.0102205550304475
0x8e1b1c3483175f5a7ee09094c785d3dcd7695e63,0.0938780587615684
0x8e008db76fe096c3e67d45fc42914223c7fba098,0.181817784810283
0x7442b17a5149f17090df8b86d5294b544268f51e,2.20793242282187
0x910b214b05889f337d7d9699c7fd6ef13e6a070e,0.00125717047737771
0xd7c08dd10aa00993a7a785b1085e52665433b334,0.0070674162195621
0xaadf0c436a375db49365307a972e958b62963c55,0.0133898399566416
0x2dbb7e762738e26cb458bc9adbbe8a2915fdd554,8.558445934068E-06
0x8fa2a5bafa13e4004b6676bc6842687b208f34c5,0.000461769970271575
0xbe026ae67432efa9ad85b897a70e0bab0dcb1cea,0.000570251204816959
0x3b5b0e94efa22287ed2d43d1a842ca5495263352,0.205975974470129
0x24338d6b630a12f048502f77d20ae21f190ce714,2.11198140777982
0xc8347853812605060656e23451d8593141428351,1.14701868986824
0x1f7eab3da66a79fe4d613549b372af283c0c830f,9.15266E-13
0x8593141c3390fbc6eaf69e57662da47123d0b08d,0.030704816876318
0x493b71ba1db9265992ae00630ec1bf32bf8623a1,0.0957838245192688
0x15077b80c3d5f4309acc33572753236532e09ed0,0.00380759740380333
0x5fbf8de1a1de5c572f156b39868b438895e89869,0.000258021478713415
0x1fa7fae9e5c3c60025b0f8ea3d17aed33f683614,0.000183210251376071
0x1b97f4514572aa954ee05ffaeea82af317de4783,0.243588690062346
0xc3ebf192e1aff802217a08fd6b2eedbbd4d87334,0.533753087252465
0xe99d360a3f00ce3e27713b643c508b04489843fb,0.00240920749736963
0xbacc3f67078b27e72d1fc082eefc5554c1bf540e,2.20377385604494
0x3439a5815153ca1156828bba89aa332f41534602,0.969054979331346
0x77bd5637702ad66c8bd82e2c5c5fd4c7b73dbe51,0.223422455601453
0x04288d0b8bc6298a7cc26f367f42932d71c79d9a,0.434261917626863
0xf21f5c98fc3d5ae6a3a8188cd07c379c97460980,1.48141854719E-06
0x993033bb1d64286591c643237091a5791578be51,0.0301171668972263
0x824a969643e464944bed00295a5d2f3d1437e0c8,0.0674158697618527
0x6571dbdde548496d7e510681533a6c8d72be58a0,0.213869772478143
0x13f8c00ae7dbe9ce71456649938075046f6b4304,0.171665982723795
0xfa14b3b6104a64f676a170c61a93e17556ce128e,0.265226691252168
0x5a1af6842cfdf98da1b2c998583397a948ee78c3,0.469668572914182
0x83b47846edcb64ff7ebfc9c9841e5019d1baa156,0.00782507405458029
0x51ea73626c6050a0fba5eb0cd20e3b30bb5fd479,8.1798666342318E-05
0x3cda08793efc7d056260886d43866d878c2630fa,44.4772805644864
0xb4d3513e9c9af13326c1e967dafadd29103a2111,0.00183944357711546
0x6b30e11d72aa1d14f79ba52af3139f798dfca18d,0.0729316439996984
0x8283474f86ffcaea290dcbfc6d3c565b216a00e1,0.935357384265388
0x7e295c18fca9de63cf965cfcd3223909e1dba6af,0.98481189452479
0xf1fced5b0475a935b49b95786adbda2d40794d2d,0.0963259641396205
0x563abee70f1b59f018503021cb26ea4e82e56c03,0.0114573510919458
0x8b37bbd2d7efe4a387a86646b14700f370dfab09,3.77496046196294
0xa32ce1a5d38126620e8b9fc2a92918b9324cf10f,3.601898946485E-06
0x3b88c55f68ac330f6d5fb229dc3a7ef5448b5e57,0.280055185801999
0x67adfab056edc1a03602139b8ac36a06fc62f1bb,6.1615793882894E-05
0x495a359474293c22f70cf4ca26fc189937915a98,4.2524157056168E-05
0x9e4a0e99fe1a1ab62bf6917037b25742fad59158,0.610074593301408
0x16b31d0e93c6374535a39f5bd1042c89564aef3e,0.00355466965463635
0xd24054efb72c200f4e4c353fca0195976e36719e,0.397473071099308
0x383dbae9cf95dd1e998063b297cfc07dc26ca038,0.252805398066035
0x971b16dec49590a4f86ea6c5ef7cb662daedfe7d,0.0108529654192996
0x93db1e5382d2e7ee2c4c5d3825713c8fa76d25a9,0.0991604973278166
0x06dba5abb6299b80cf1dfb9bb2cf3212dce9820d,0.605643431114804
0xf3c43f10ba8c8bf16f1a2e538f33e6b0d22bb340,13.7347242852221
0x2c2dd852cc2a1acf6c46d7b8b8fc44f32a84e553,28.2230277374486
0x41c41e0954e73a79bf820cc61339a9c35dcb0351,0.0142572301599585
0x025d776844ac13f1e9b3d454f55137a233b8a3b2,1.72023815949256
0x875330f19e8034f208c77b6f0fde22e17cf4c066,0.0123462117181449
0x1d75271d47c5b65975040f4f76fa448a642ba129,3.3472125776884E-05
0xd7ac4581ef4e2bb6cc3734da183b981bfd0ee2a2,0.00128573003703401
0xa3e9d5a021a9b0f984c209f0afab45e8c1893814,0.0955870047503983
0x20d60a9b4256920dd556c0b42592cb1f355c02b1,0.00189199172760023
0x0448c86af2e2f33521db391832d52ede4bbffa5e,0.0470489166612135
0x2143bc6e4994abb9c23c37f565c846fe36defcea,2.92004212695551
0x039cc2a8eae3ffecdeedc3e55ed7e574253f22d6,9.81303691456836
0xbec564d06cf98c134353dd1ebdc64c76485b3f11,1.234070770444E-06
0x61b417d3e895de5e722e54033730393086d402c3,0.0101863145045432
0x90bf1e866a1b4681e1a82c377b4839859f97dab7,0.0109266477665134
0x89d70fbd80febfa3f4d9b5efa0f3243c3cbbd01d,0.000158719208189369
0x71a4449dd18177a1a19fef671558964f10af4be8,0.729142743962338
0x69f44ee390f085e1eb0db345c0b34e67e3986487,0.936542865272975
0xc5e01e951294dc955b753be45ed4247f1adbfa95,0.00950634885523698
0xf05b749a24f74ee42ea2acfa222853ff1cc22043,0.0839579914215931
0x8c3e733aa2fa0f580169fe0d3af559688b947f85,0.0200443150313972
0x2096bcc0012a0f3be1775365bb467a8ab0e3e4ce,0.0738478323717089
0xed5880df11107fa0c8b7b853555bde80cd75c72e,0.801876253287214
0x716bdbf8e6869cf19001d8cd9918a900810f78f2,1.9118813280914
0x78f8c43963ac962153501b1c30cb9ef421e8b92c,0.0353103600073711
0xf6e2c17475b3fac95dc90a7c81b0a64c4d4fab57,1.07224949290543
0xdd791c609a77c587daec24139ae1206a3e2da588,9.16841593426639
0x0c827dedb26b871831f4bdd66836c04d6a387061,0.000124690568616095
0x1d7cb9968538f7e1e64eff5094d148dfed806f9e,0.0806968268149465
0x4a65ac88a1399f82173124c9e8c8387f7059d273,0.000612792933129006
0x3a0b4ef07d4d8aa3ec7bf8f85c3320f39876c879,4.5401100610071E-05
0x14c01ad2978054daae521a6d69a83f4a4cfab06f,0.221950571981848
0x4455e4cf9e6f9c4c530ca63bd5d55a4818057761,0.0215291786119109
0x18a428ce0c31584a21cf8cefdb8849d8013e1994,0.0276058999209284
0xa065ad5ae9fd6e386b92b94a5c0b15cc3e9012ec,0.972124703016464
0x9730155214fcad09a4a002f9ca7f9dbf3e706cd7,6.858477575814E-05
0x5cf1cabc0bd2ee8d18dbccec6dabb044eec0636b,0.300534840781675
0x7cd0042d5285a290442ad970019f0c244865ee7d,0.100557890891543
0x6c05dc73ed5805570b3c95bfaf06410c8ae18208,0.0469513608133579
0x5586534aab237646de7e8df3df5a16c259566df1,0.0563761607576768
0xea079674641fd44243de5c0af88d64abbbb64ae7,0.0405254492281783
0x8178a813dc92bee63ca5255f29bdb45d39b78e1a,0.0144468873474873
0xac9161439fa30e646dead6a11e23371f97eab067,0.0626544418016225
0xd35feb4e0637c92ae89272d3c99fff59f7897f38,0.00312732690378342
0x25656660ab7707fbb507139acb7c8c16814c9592,8.75227496107709
0x816f36afa75ee02e86f2c12e53e08f1f07f485dc,0.922477048255042
0x26d7c069fb8e49af542297499dd43ed46c9b7759,0.4503764123184
0x7c106dbbd43ce6eb50838ee9df0a7700d2d0412d,0.278178426475912
0xd3ca6674537fb77f3628337bf1896dc60130748a,0.0050569621419006
0xfd820fd047f04dc91d6080329aef315573f8997f,0.246973106735079
0x58d6288eeae05ece61a2965f8003382a89395c78,0.0171970737063437
0xeb43c0b2e5c7cfaf9bd600eaba56f2aed359ac23,0.0433846881845272
0x477dbb9fcc793eccb70e8211d60f36ae7dee9fe9,0.0656957946101502
0x3c27fe47048349065e05811d9bedc42377f05e8b,0.00218676072162756
0xf1e3f2251f0af6bcdf2081e5623af7a51f509522,0.299702328028981
0x25f14502c0400b469c7d19e9df7a8f59fdf05d0f,0.224715807759737
0x0e9aae66382cb562483d5c1ee4dc81f15d22b523,0.0439800916599778
0x09776db7b6b319095aaa6d1e73e828d6b2a3a545,3.35615244445517
0x7e937a2c37f951c86f9606e77d148686c3b5fac3,0.012234452963984
0xfe4c4a27bed5e9113480c84a177068f7421a1eb7,0.914604024278838
0xabdf0e5c5bce684dd193a2c71b5a1a0f270134e4,0.00843698987259255
0xf6c9c121ed78d8da1caaefe2598794e2f6008718,0.0930999827368039
0xf7d39edc93dc7c41c848101cbc5e13d63a53d97e,0.0357180436124017
0x618ee1b1276781cfc7180266aaa737ab8df48518,1.9908862604922E-05
0xadd546a270db74cff73bdc59e034cf70da6c452f,0.0311770801581106
0xf2776f8316d426cc8a94be8cc706c787b44a2339,0.00193766162199604
0xa245be4721b11e55a34f7aa4e1289d3395fc3614,0.167906588334387
0x58e708e69a042808dd6f5108929b09983e4a1676,1.439568669155E-05
0xfe470b68d3d165283105e99431d877c55c9db502,0.096566557670914
0x129f4bd852fd04bf32ad28ae686e022dec008ed6,0.00979454070805697
0x4d1203bdf393a81a81428827c8430fae9373dd11,0.165055255087529
0x6edba919e83a54daca405b36d4044e544c6d6247,0.0869254822243972
0x1825eccfefa66dc2e2114ddd16e93ff94fffee35,6.31065968858161
0x6c6b7bd85ef4dd5ce57700bf2fe7dc9c21ac04fb,0.244832117662752
0x50594008a5969a44d51f51b2ec7e988066e02ac0,0.0707248644878042
0x58c79d25b388fe4e6c40e1e400eb6e602e6c02e0,0.0257338592370781
0x41f6e44038b8b1dfbec20f833b7aab5813d20eb2,0.0923065731470021
0x8bbef539c1ed386bac9dbd50b53adc4c58a028fc,0.0297374444235258
0x33262cae7cace51c2e1e270e8a039eea1f455445,0.0207986922331531
0xc5b1386ff7abb3099c72041b13f23b77c2747d88,0.0110145439967271
0x3219e0d1526df8a4dc611e7c461ba5486f414c91,0.0619889852448081
0x11ededebf63bef0ea2d2d071bdf88f71543ec6fb,0.00109829976768441
0x2e36b361d9b711022b63d145c01a7a599a464894,0.0254751273759111
0x7a7a7930d462b959e5d1b34b0a34ca2452dcb1ab,8.580234924202E-06
0x85af33a8875e07524c8a220f5ab2922c69dec15d,0.000268279223847182
0x8fe22467e268f4ff4e1851f706e14125f8654d02,0.624071958314847
0x0306f8009d55caeab3c3550a540316bb9c8330ce,0.00810950684226727
0xc0058ec10616d320a1cdc29ef151577aea71a5f8,8.30094111905489
0x67d1c253c90035cfa13677269e2222ed28fc2227,0.0071636545400176
0x68161e06104d2d2f48cbfe7f6970720bb62dca92,5.89489447592002
0x4f141d06438ace4c16df3c61e295bba2f4e4eea9,0.0123951092726239
0x307fac3b342946af7188ecc52202e4633e0be574,0.0741183261827694
0x1b406b3e6878b3bd3153996c357e5a52b81a03b2,0.629562503352821
0xcce782cbec0dbb27ab6683f5fe98331d4de33207,0.0555816587017823
0x30428a743e2a2f8d1c3fea017e0d76440435fa8d,2.18681458926935
0xe41b70edbb2f5708f48d1442c4935630f07d40f7,0.389247836833724
0x5eda2dc136986fc88d4df5696bc464f96a20268a,0.0113144511760814
0xfc3707dd541649b03e795f6571a4d2aa5d7dd119,0.0224641318610567
0x895526e2eef96243c1b781757e9e0a7fbb2c47a1,0.979495928644147
0xe95a917dd5112da32d6a153829ee68dc739aee05,0.0134432892100417
0x386e96e10447095a99b919defc955c6d4835c279,1.75094816541326
0xdb165deba3cf1b6cab45c357a66e09ba34866573,2.33011638843616
0x01c349139857db3fc46ad45f7b8731c9cd560cd7,0.457882194010059
0x3acb5eaecfab99d01e86f7068ae7b90479fb50e9,3.58999946843551
0x7bafde9feaf83649c4bacb97dfa58cbeaaf22a33,1.17873765732E-07
0x12ee8e813e5747cb6cb3a7fb57fe73d94166e686,0.0338564188555139
0x721b7f8e1cb9186607252876ab1b9eded6b16e37,0.0291395048625137
0x2c84d8a2ffb283d295de6eb5287a2addda51b6ec,0.757939322606833
0x53e166d95c52a7dd5955b04c4f8a0a975e4b83c9,0.10477883
0xca3c14a64ff12e35a130f75ad7bd0b9f5b256d8f,0.390196676265194
0x36c2477e41b60b1a22ccc1c6fcc01b6457524905,0.0296906072444427
0xb58fb7f61334309ea471c2539d55aab31b27a940,0.0356590698772512
0x0b7336f31fc989b5405f132f2165ca412b9c875c,1.36566732415923
0x71269b2fed56cfa9217b96706a8605412d462abf,0.903116168392184
0x07eeb75bb91a83576d590dd3f70a0e6e425ca2d8,0.0110400870767785
0x25492929287317fa2b9a63c73acbe49d5d5ca525,0.271523121795985
0xacc7d3095634a378339e6159e06dbb491fa38a11,2.48250039330488
0x2848370fe41d502354a883a936f8e6d045572e0b,0.00739519302433416
0x186829518201a85d0d48d01cd53870c9b8b5ca15,0.00204147452184927
0x0efb1e87d0f5b86e28f6da90da76d561f9c9a1f6,3.38963446171647
0x8217cc277a8edfda132a0123761e1d2aa795ecc6,0.000513893832690265
0xc07bce44bd6ff15f55d34c1422e111c094ad1b3b,0.117524298348974
0x3ba1d1f1f0eff962a2f92ab520da35e847caa9cc,0.000618890137311616
0x036afe88dff42abd121e0180c2816cbc3c499fc3,0.0253705499875386
0xd65a6798262170a8f285eeb1f266c972a0f8ed03,0.261920406367665
0xe6d73174246813e25931d2b841706f4536da1bb7,0.844641522769065
0xa046a4d718374497094cc6c7aef8a6c856cc6605,0.0608111088323521
0xe1df1056f8b39755b8cfd2532e9c4a2283b1743a,1.12738936871583
0x619da139093e398f33221da90504eb66dd97c17c,0.865379437425985
0xdd5d647d42cdad5cfea0a054f3ba9f58203f2dc1,0.0296577181234671
0x4fd4142ecb4f82b7540845564f511f9b8dcee8e8,0.591390584894446
0xe7becfd8ba3064bffa75fd9e9e875d8d0b551e68,0.0208843253381697
0xcd0e675a32ebce86c78d1fe9b1e406899ca7f8fd,0.0366370844828965
0xdc8a00412f414aed9642e553fe07f9efceaeec20,0.000336511964847624
0x8896e0833d371a358ee06eba7d4052d3e69aa189,3.7859938912873E-05
0x09e329413234e621aa810481b271ab80e1fb4ae4,0.010169816388779
0xaa5880dcc5ee55edbd381cd66ed12028b734eefe,5.27317346407472
0x2255a7820ac05652e27f79af2d38f23d96fdff26,0.015123242600568
0x6f0a1318554a990027f329d6efef1f1f32813579,0.396400699325718
0x924a26fa9e046a9fe737936e1b2f4a326e046d43,2.532401436682E-06
0x73e4e6d777032e60ba7dd6bce05fac2c7faa4af7,0.00333659888676054
0xb835f2736a2bafafb8e4a250fe130dc08b74006e,1.03114228432744
0x78d7e65fa69747c94a6a497003b2afb3a93d33e0,1.53448002764858
0xb38fbf6fc3d5b2b98b172e885d70f6af8d65ef21,0.616350743757627
0x7fbd1e4c9449c2443e0ad17537d77645bd23cc21,2.5552472933793
0x6c8ce61b4ce498981cb45fb01f8d0a91c789080b,0.0530603956475176
0xec15fbebd5dc1438eb54fb7c0e28bf2cbd79cf87,0.165312897945714
0xe57450ffbec20a28ed6d9c29c4003271a1b15629,0.0224100394069951
0x62db94745d5f2d41431aac0676edd7796482f259,0.0653779045889741
0x00dd72466c9bc28c9765b406ea147c1e15dbc7ab,0.835413187888973
0xa398e0d6acb910056bdb77d2cf7481b6e1607045,0.00859781767058542
0x91c2a6ef1fbfcb6c8fba7f73b4f018271463f6b2,0.000295396694278617
0x3be6cf2ff232ecfc4a1493c396e93427cc696ba9,0.0636129875791066
0xbfee2a181fd9177fd5cff202e949469d8ded8ca9,2.63473631269201
0xe49806f5be7f3101843ac8af91a6aa47ecc0ef36,0.0917018570400375
0x3e1ffa739d002922c429b64d014d065b77fc761a,0.0893425968102545
0xaeae289eecaf50e5f14d2b49f57ff6fe9efee135,0.00052169766459584
0x35287416764f1bdffe4d8db5c3f4d19a2b6053d4,0.000259891605198319
0x2d2170d22d67d3eb3096feb73b8100ba01d76e6a,0.00820798763303595
0x9a3d1d2e090d0eb963621850371b201fcc5d6c01,0.00344061736050521
0xd152f6ae319147477d0fa0ed8b0388a8a3fcf580,8.02242906994456
0x9ae385dfff042aec559fa093b37d4d1efd7b6c80,0.104200288214931
0x8189ca95335af50a0c9490547186008a6d7747da,3.85456433859802
0x0a40a89797579fb1582a8807befe526c472629d7,0.000736983995552358
0x68073db803679e75f006cedb45c9ef10a1db8ef1,0.842160335285584
0x02aa0b826c7ba6386ddbe04c0a8715a1c0a16b24,0.366828006616685
0x993f66791b13dd018d9a607c088679819845fcf2,1.00265908605683
0x6129aeaf582dd8b748772e19fb7a80af26d4c2d3,0.612026559583015
0x32b575f6d68c3ffda5402abb5bdc754b3fcbae1e,0.589410787879422
0x0a7972db76bef61f7a474cb1fdd7ed5267637b0f,0.00427340135930053
0xc482373030af1187e54f2dee7356043e39889eee,0.833542420279464
0xdb8d484c46ce6b0bd00f38a51b299eb129928ac0,0.0493663222537698
0x3662595eb998811d513d0032bf1d50ea691444ec,0.355693710192562
0x37fabdb1d081f0a69ffd2a9525d71cf220041dd4,0.292170843206398
0x3fee5b991edf538c84b0db1f859c3c4351f76e03,0.000800532042509694
0x728b445808f0932bf165929bef5db655ee90288c,0.0402461236147369
0xab641ae2b04441b6e6dcea490b5bf195fb690922,0.256716029684166
0xd22f4c8e05339dfcfd927bd688ed9ebac84484d7,0.376357171353503
0xc6a82e72156a11a2e1634633af5e4517b451f0d9,0.781174911790796
0x197f4c3cc2c89a0f4c4e2443c453f29ecdf67d4b,0.482546492370279
0x0be5149120375a4b5ba59352d55173c9b0283c3d,0.0165686183794999
0x0a35d3b6cf5361f85a3beb81828fe40c1b4cbc9a,9.56018381919877
0x477ca006903f9b00c1b0ff4fca424367b311247d,0.0789127910883925
0xe161e55e4c290aae565e91a9cb3c04a469c058b8,0.0447494506837056
0x598d03a9020bfbabbdae1f975088afd3928a80a5,0.00228952160477496
0xae40d9b27e3eaade549f4a4a5877ae7d0b9acd2b,0.295989189576762
0xffd6de72f88fc0aa124f630040dc842e8bb39cbd,0.079062835745469
0x2238cd876a4686245c9fae47cb69fcb687973610,0.528028278413113
0x40f0d69a704d8b43864562d598e244989a08c8b4,0.265237028513497
0x05465b6a4986d589612abfc8cc93a11a9fabc112,0.41774551451188
0x13a2c6e9219565ac20880095eb834919ff7e2951,0.0567693097565067
0xd9d3dd56936f90ea4c7677f554dfefd45ef6df0f,4.28867070841082
0x0040932d4c252856709b24dc406244392d3df400,2.9013967420623
0xdc502e12488468e55ece3cbad60e0b5e288b2fb8,0.0282143019581621
0x35b0f6fbe08a3c7a1e412a514e9e02f85d01c1a4,0.0370041588252229
0xf4f59daebbfa75482ed6c32432eb1a00b98136ae,1.6852515912E-07
0x6719158952882e1d2b017ba65e4097c695937b95,0.513471964903306
0x6baa0ebc80c2a9cf8cde1d8600aae9eb300b7218,0.605386178426114
0x7588ada969bcef3200fd2bfafb3dd3e0c87aa00b,0.999976565605934
0x6efe85bbcb6a35f4ec2aa0d4a8dd788fb705e822,0.024048636643534
0xfb2caa5f9660636dbc33bd5cc0b44f91d0962619,0.00384116343153694
0x5ccd3d48e4fd0f2f0fd717b7c7f1f721cdfc3802,0.860199312367571
0xc64d755e5faf51a39f5cee1e492dd9268b5db203,0.182773635728104
0xf76416415ca621952b4eb8faed2e512be4587ed8,0.00694926243899433
0x793f2f026813f94ae8a8938a2db06ee400fb102d,0.00971743370821515
0xf15a9119dbc8f0f6e3a004a4939350ffebb97a57,1.79048521768928
0x8975096110833f70819f9e7c471dca435cf2e898,0.415094354387592
0x4b6df47f6f5069580188984c8bedb189af286d5a,0.389390123996954
0x5238f93ecbd6b74e81ffdb7c0b5a53a2c3b97702,0.0467082552112955
0x51bd3ba0d0ade5d9987efae38c5ea7ae2bcbef01,0.0696680623853579
0x35ff9fabc45cecca06e5ddea453652e72858be7e,0.000328282205898482
0x1e913627a3be60cd1d4cac3a9c6beb97d2c1900f,0.0229680333562642
0x85d5bd326078f2879891647d9c2505d3c3599022,0.0912649116023587
0x4b87795020de5f87dea03a4b15d17ef02b7039b8,0.00166363353671373
0xa1875f808db4a8ed0245984a6d15471bc72558c5,1.66800185399936
0x715beae184768766c65d8ed4aa6d1f6893efb542,0.0156188549967284
0x6bc67f491695d7cf6c54085fb7cbdc02467a10ca,0.0899288406767947
0x81164a89578d7712f3fffb763587f91f0a311854,0.00699956624294666
0x8c3b58039cb3ae78f53f4fdd65f3d86c7ab1026c,0.0736488926113297
0x38945f723b955dd9abfc616c222a64a31ee06754,0.232734574949022
0x497df2c02d0122e47bfc95221b4a7d1c93ba9158,0.0162132890906146
0xf96ae651c4556a5117284ea9303aec9015e03ef9,0.0247041703872829
0xbee8bbbc85f226f2fc2490901f48958c41df152d,0.0439119616568215
0x9e04689ec4f4b6a8bdee305bcd0a93f8b908ea0d,0.00262207144651517
0xca335221c064a26c12b547c9c2c2b3ef0c5cfdb3,2.6838808683447E-05
0x49bcc8653de51fccdabd378f0be2dc09bd3b8bc1,4.6782387112287E-05
0x985147809e9c0a677e9c9bed656c984be037d373,0.591485539094233
0x5a8d5dcfb9fc9dc5cd1bf85b9f106e6beb075402,9.0888811180698E-05
0x8ec2698ef840f5f4d3d0daf1ad186c218d26a26b,0.00623155008735726
0x1f77e56fb9582b2c4bbc927bcb3fd124cb21f7f5,12.9644223333404
0x11d17f95c23846fe21e586a75dbb90fe0698045a,4.18764855382461
0xfaad297577a4700bba69fb34ae2337dd425221b7,0.00265703268625354
0x14602524171f1ff792ce532bed1fb3ac6e2fa9df,0.000298533405748575
0x8fb20c72139b2a971ab814503d61111349f8cc78,0.676343839187382
0xbfaa9ac558411203b962e801bc6e1c070dfe09fa,0.161264635025681
0xe28a364399cea6597c5005c36000c3eb7679e221,0.114531130407664
0x5236d8cf748e8e0d84bdeb09bb6e9e868fe12359,0.00811579052554612
0x7e15b09b6bb848053f77ad6b188c1712ee1dd7ee,0.00103506536156868
0x43c3ecaf74d44700a7821f3ea58ceae569d7158c,0.00466492248360088
0xfff6b41a29881fc97bd6e8778529b1e37597d94a,0.0324091366171924
0xf829b1b024ea82f905f847c439054dcde1f43dc1,0.000738614576003
0x19a529a807b86ce028cb7f14072bfe2b39c7ac10,0.00010307726316116
0x67759861e3741ed264419722b58c545f67103cc1,1.706489547613E-06
0x4b3b9ae2268f39b5007e47277aca0f41ec96a810,0.00057890316321237
0xd9700be9c95118dbacc4427f27b6190a9cbeeadd,0.000152526527778974
0x0b3527b92138530cc88872f6d7e089f239427f3d,9.0969451733412
0x6f8936b2466aa240637df3b1d2f6566a1d94faa9,1.76222742232334
0x4e7d85f8df2fe77c2dc7cbe0344652914d61a6cd,0.00196113801965995
0xe93a964134baefa78734abc0bd14135de610fbc4,0.0140140463758394
0xa39ba2cd8658d0b69ba1880dcfbb65216ab33056,0.0412984130375057
0xbb10d02745636d3c067e922dc55719b0a10aa6b9,0.0175552421585328
0x2680d8f1ed3bee1c731cfeedcda2a74bb7317828,0.0148360202973588
0x68db64a8cc0aea50b479bdd5bc3b3dd5e5821ed4,0.0135694981043123
0x9d6a2716f843d84e2bf81127ffff5176a0b647c2,4.14973770314E-07
0x8fae89e0f855784c3822a7d915d77dccfffa23ce,5.3502396643427E-05
0x3f79f99b916708dc709d5b6257638a342bf8ac7a,35.186354698538
0xcff000c3ecb234344f738e64a9b10e969009c25f,0.0594642803276633
0xc584d220de2023e2aaaaf6efe7871d7adfabb3b4,0.000355570488451289
0x7ee567d2ac5dca4c422281deb1e2334a805ba6c1,0.846880993209268
0x6792c4e8a9efb4ab04e73e9b1c9bf16b7ccc74c9,0.485317902276828
0x8a5d69261df9e469eaf559225d19179a733a645c,0.00340827754924917
0xd126dd36d66f02c738395d94f5e10467c29a4c66,0.00125554886004787
0xd44d2f4d15b239ae8667d374fdeaddde3ed1e9a6,0.0136137544779051
0xfec6377c2846f2140ad259c7e6a49145966d73a0,0.00663456541958105
0x4cb6abd75ac8b96d83debf01efb6c7aa5d65e1fd,0.0115766543677298
0x31baf378a6d313ed320377d77b5411898f7a7b60,0.00117390283719571
0xe636f13d315a420cdcd57f03164f334e35a7d1c0,0.103743040197469
0xff2865fd1dc0b71d0a035f9bb265876becfa73be,0.0459674504727669
0x137e164beb3c77c402ef45a356fc7dbf80b16011,0.908527527732674
0x02dbd1aa375c7d00ecf1de198158ffa332110d47,0.205159424552149
0x01712ca1676c850698bd52ed3973d5cdca71fa67,0.0306222434744871
0x857c87e64623a505213a5113d86ba41a48258eae,0.0475910312445672
0xbe63d03be6c2247b4f1f5fb53d5a93fcdbfcf9bb,0.000207358387204502
0x28ebec3c77292d255b6f6ed571009490bcf44b3c,0.0236446490933993
0xd1305381069485f70295ad36190cce28d8ba3c6a,0.165364039149541
0xcf217ad74d735b020f3628308d0232e886a9fdb6,0.00192458983898879
0x83a524af3cf8eb146132a2459664f7680a5515be,0.0645555457785906
0x1e7dfa9d7216b1ea0c67c72ab5b81172b5fa0c0b,0.549882466067663
0xd4806886f7aafbcca31ab31f460a0f6460957594,0.0225555608641018
0xd25f33b723e42cd8196d5fb6c5946618eea39c2f,0.471175611223322
0x36e992c989b242a098c02735e66170ea19447861,0.326766188217482
0xb600857018579aba98e76fdc97e2fa2df8f9bbd5,0.00137986785658284
0xa32f37be0c7d84984c04f38122698e68935af8a2,0.00658165925440884
0x833aca95f054163ab0224adf094e476f7095c59b,0.00606213756371669
0xc63489df8d4f79cea16ed5885c3ba9135ff4c670,1.58833801601788
0x1af5182350da61d4ff6889b065c12c941fd6e431,0.0295712544261002
0x2bae72dab24e5c1954053b6b3d8d0d158d9f455e,9.94675267721712
0xec46db756a85cb85bd90c0e74b1d0394021dae54,0.092604483834096
0xc413d5492183c5ffb4ecdbebe2f34b7a97c44eb7,0.00120201263742485
0x36dc9b69798c091a986327804003c8898cc7b6bb,0.00467282124296915
0xf6c10e7dee0fb6491655615dfb4f30e76fe8613a,0.0748637876652668
0x2271002d9ecf3f95ac5ca45ff7e0864e9eafc41c,0.111849521850501
0x1373d4b2279ed19a280c5504aacb4e4ecf428ce7,0.149974869521901
0x15d6dbf9f8870ac2ed7a66de61c0fc72322d2022,5.72548924815269
0x35b8a21877e91390c84d1a45d44fddaf3fd2d402,0.0630522567728976
0x9cd7ae73bf065f27c699383e8bba3b209c27fbd2,0.000968192091126837
0xd62cabb5d5a993d6077915d7c6292f0e679a3a57,0.11191390900157
0xcbff81d85a7a81dfb14802c6127aaada9129165c,0.00171774205603412
0xd71735d15a6f7914679c242d8981c17cdd3fb9d8,0.0616180196641059
0xe8bf6a58dadf67921933e361e02e40af0ff38295,1.48891137689947
0x9af9f7048b987f64a040896a71fe8454e498271d,1.8621261335737E-05
0x46bdb2d3253c9ba0decfcf0d280520a998f44f1a,0.0946594566378486
0xeef3d39bdbd2a3e0e6962c96051c4f7888bdb826,0.157670803882653
0x862c5d7406acf806d090c919ca30fe45b4b28d13,4.4827254208765E-05
0x4bdff86feedce32889350128c4fa55995b949d8a,0.000428526883817995
0x5c35b45fb6a828c360fc62e2c16508c292919d27,0.00424710648335381
0xc9b738bb98f6f4cc832a970fe0c14735183f91e3,0.558945260574158
0xc8579e3d5413120621df3909be180d6786681ce2,0.053
0x8fa4bee3787714f25ea4e6aa16b27438fdc0a5dd,0.00169262694670597
0xe9b6e90ff5957f7c206fe2a64807341f7aeba77d,0.00741765976038476
0xf6eaea4a130a38789cd3afb352b1e1a27c674abc,0.785873379008563
0x4e032950eee12907168a38a2be364d0b11ff6dc8,0.0587499772452647
0x8f144a2ea4f21b0e5c2d440b9c56b4edfd53b057,0.886079553648943
0x5ba185fdbeb582e3147e20574576dcdcbb1459ab,0.107082194977779
0x280b9a3d272e07f15c48aa60e6c10867cbd5c0df,0.0218029236748016
0x33a4fec969bde8d9ded4f772a642e12ace8e7965,0.0203610308840242
0x238199a3a1fd126774dfef541e0fa7eb7ffeba4e,2.19823432641649
0xbbcf3985eb53c30a8eea01d9357314d61fe0e727,0.000249732605184401
0x13908d3fab410220fcc549353e34bd29f7f6d308,0.152359370757752
0xdc5189f2414158c600a3f932d12e32a70d6437cb,2.182347775603
0x5e01f5ce73fcb34b51592f4138a38c7d51e10362,0.636087195288509
0xe73836729fa604d047ae4494508addc96ac97c3f,0.318487792280562
0xc83108b3629feaf8e0b4dace71eabed9a8a31c09,0.177498282757042
0x1e058f0cf4fa59b9f342e61e8951a9fbf966efcd,0.00802432050774508
0x0451e0f2ceb8f063f3892c9bf95ac0423955f445,0.00937714052831465
0xbe6be553e585b56bfc9df7778825d309532b8e94,0.0176192989451496
0xb19650292c4ccb9a45e6538118725aa7480b2f2b,0.0809945275096423
0x3c7108fad72aba31e2fa59dfbc458b54f58d9966,3.57644116386238
0xdbf0e7031f729bd39956cdac3c99a9445df0757a,0.226010718153627
0x67811c666d261a1195325b98eec143de1cc09fb2,0.105624743986177
0x63eb17f24fdf1a9e286831fe21acf72c975e88fe,0.319933943599419
0x11f22bfbc3e5962b06bff328cd1a7dda861c4123,0.00103790398399699
0x2a724be1b63caec1c3ef95834fdd443c3347ee1d,0.303075729394412
0x7cf8a8662b0b65cf5c1f90ecdfe0727cde102242,0.984569702027901
0x7dae328f0c97727d2386c67caa4c9c0427e6c671,0.462093639419008
0xe1af643cb7fb484797ff1ab9d433c26bd5374fd6,0.0234737574291563
0x8f6f5ccad7a126c14a39d4b0251d06cea2b856a4,1.16946815129602
0x815e116c9cc4604d3ea481ab55abe829ee885a88,0.896454813634112
0x47fbe8c4cdf81419572e236a93931cd6cb1dae45,0.899495732629759
0x9531e47339643747463924f0b1966834e5ba9f9c,0.00533968991554938
0x53b6db260d38f69bf56e966ce8b15dfb1838e1f1,4.93080270379701
0x5e4832ee917a005614f3b9b63f84d71ffbb39eda,0.0891818931457016
0x972acda8b68f80fc9d905574fd03cb0ea1d72f5c,0.000900561116401827
0xede46de42a2f55ee802d64b31c434fdd318702f3,0.217321942001127
0xac5fa4cba220be05974ff3d0d6281be00f898d1f,0.00177759662262081
0x8a2666fbef75c456af62507c5f2053caf5645ce9,0.0172604033668627
0x55760dc6abb6519d9dc7b03aadde38cf51f3d3cc,0.171028523241542
0xa4a0f6a66621c3f82fff92515e5bc4fe0297bcac,0.00587618702429778
0x12b87e4ba0bc5104b1f90339d74833b63207f71b,0.00179663867829131
0x8e913afd85067bfc69c49c8d59255e042141ab23,0.0675846773550264
0xdd0fd7af04ec7c54288e6cb17389c740d7721469,0.0107874208577358
0x56628005bd5a1ac6146f41ce5f18525287958de5,0.000842289376819316
0x92c61bca755cddc74b3ef1c32323070a9c678e82,0.00196567818094149
0x75ed79867fa79e6cceb0327bc303a265e3ab93cd,0.00714792443072407
0xb3b50338e7bcf0e855c47e6d10278ad240bd0d55,0.00548639548956853
0xcc7f22f159990c9a801da53f32961bc84af75d48,0.898772402754527
0x133707c015692dff1f046b737e5f3e72c1798897,0.00196644258085031
0x20b15a6efdeb89391717aa33e34f9aaf99c5cb65,0.358920595616606
0x35f19a99afa1fee682c28fd6d6e77ae95d8d017d,8.35834286126E-07
0xc5e8457349ad04b4aad27709fd28def5e4791c96,0.00932997817681709
0x4f41728b371502da4b2cdfa34599fbf28b43d9af,0.0583716412565327
0x5d6c8234b5334d54e2ab1273297f4a07ecd21aac,0.103131068032139
0xdb0294e4ac66bd3b6d7d1b8a8f773ac2e5e22f9b,0.0149285718892974
0xab10885695cb81db87e18750e454eb06c4cd6049,0.57604433246235
0x767e980d92d240b0aade0e8f852a9b217aaaf685,0.0230007496991981
0x4d3b46330ad179be69086e92872f9b0d67851c9a,2.39217799503008
0x67c700ea3d8e60f0fa2864d0aac5eb9b37cdcca5,0.202593410464623
0x8b5a847de22550a7721e50890d288750ee04ec22,0.00499706761047374
0x58c52fdc57cd70b777235edbbc826675a8d6f99d,0.073723288757506
0x86ab7c4829bcb54e8e582431cc9650d9564f4ef3,0.219255958543575
0xc9413b7560dc0f3c1a3a8a25d861dfdab538e86c,0.0637497893746384
0x417f41772998cd755f2f8c80a560aa84a06fe0ad,0.0801753515408735
0x09f0b21f62fb9ac9e8747ab600d98b66777906d9,0.00895033143190836
0xe0bbf9b2f219e2dfde891ca2e8b7f08592092623,1.5517367095191E-05
0x640cb985e40be800a816ea517cf5324fc0c27900,0.0906776261275541
0x536aca1fad0f0e40ba3a81983bdeb49372fdf5f1,0.0120454843453737
0x7a4e47a4e99e7d5eb9bb5a619e4475d1dc7b3ab9,0.0552941337109812
0x432b2dff0eabb0b4225a76812e2340559cb092f2,0.0258089695628835
0x11146efa6c7d6eaea5dce835fedbaa78ee4d114f,0.00570031566670059
0x3d38afd93c62d0d4429152a8546b1bae229dcc34,1.41047873124674
0xfee0cc1cfb396f7c9a68629657859e85aad95b08,4.6916419784438
0x1beba25d86fce53c6bdb028d2bf71abdc9b6a9ce,7.87459361116239
0xae53c04d9bccc1198167e538782805546f851603,0.556457642839397
0xdb83a9af6c17ddaa5142a863592b340ebd9ba749,0.142682333188909
0x967bc8d80bbb28798e35639fdb263318a541c0e7,0.0438547247745216
0x05b846fb0f19df6ff4315c4f561eacbe3d47eb2e,0.613310165454752
0x049864e7cca8f854097e5176ce7586f0c88ce095,0.307916726317513
0x0fd1ebc302aa41de61f6f75496835f97ea91c2bb,0.0604078086383537
0x05394ca99aa33c2512c048ba39c3427ba0ef4c01,0.189086632130981
0xcf1485673ad160c92d5b17beab6f52281dd17ab1,0.000181542380110982
0x96ef564dea7e95fd5dfb7fc1509ca9b9bd55334f,0.0613026650870483
0x9d3d0c05c190dabbf2c30068e8229c0905bb479f,0.188748897448478
0xf56444b8fabf989533932341f2e808d876762154,0.0108689418164291
0x8c8f9b89676a8d050de494ed595c9ee2566a7784,7.83504172082832
0xee2b867ce4b745a00ed5a8ff32d1fea717bf26e9,0.625151309586827
0x79d29f42b32ed8d77a1eecbab3084912bba55daa,0.0233683199984446
0x0e23debe23ae65778b52e1ccef6135bfdda88717,0.20362945167873
0x68cfc7d5c0f0ca20318ab8a0b539f3050428dddd,0.103429458837258
0x11230d6ab8ad32f7323a15d80e603e65e30aa24b,0.0470681066533666
0xc3b2d17e8363e56222a8d61e12fe7c2b65dc1b44,0.915361605587507
0xc2cfecb8f4a0db6540479f5945c4108427b3367b,0.154802825572622
0xf034f41cbe726666d62fddb7293c62fecaa78eee,0.140658333442391
0xf0f4eda23cf6ea0b71db0d20629fa7b09e29a33e,0.348648959190731
0x8f431e9dd3ab0705d8e3132ad260d20dc1df4fe7,0.0653160962842743
0x14616cf4c1e7fd9b88d7bd0f2b7523b2e529fa78,0.00378315878015021
0xd413c324893fe2b630d17366dde399906397bdb7,5.7500399678966E-05
0x0a71b507df921d64274a5c07dffe01aae065db6d,0.687432236038156
0x7b45018ab76f699b3daa7731cb783226aa22a636,0.091827407618116
0x5243ec5c513fbffcc1423b8a4308d9f233770930,0.00425808233456476
0xd63946b12168e53c1e032492a3a24ba96f8bf26c,0.0419102683805203
0xb2751f2616aed6a6e1d8417ea886de6c555cbf97,3.16237615676686
0x46426750dc069953b3d78979fd5743c28d8f7596,1.03888780150623
0x6bfc2cc988c513a481607777990f7799e84b1442,0.0310916467181496
0x7107016a279f27dc9d0e7524b59c8b6575e6ad82,0.037163917711894
0x8faddf68a9e366bef56e4cd4c370e563adf40cf7,0.183721457990711
0xa6861074b7309311ac2e54c76e861fbbee9d83e5,0.286213908617378
0xe9f62d866d64b8f20002ebe762df36e103837518,0.0859526841461772
0xda23dbb875adad0e7af68bfbc0acc1deae1c4b16,0.0840700061297091
0xd1dd8923cf60ff75047ecf0285fe79f37ee4e5b3,0.217963967390015
0xa4f29bcb74d1620eb438c4e86be61f4fac9efeee,0.0167055782485242
0xbbb3980e807f6dcfddcb5d4063e5af06f1fb7217,0.00116188691505804
0x48216113563860df78dba79029c68e2293606930,0.0262591470884092
0x9867338d450817d9b369e953e90342ce80e5d9c5,0.0338280170778646
0x83781e8e6d33946fcdf3b93febf250bae0d70937,0.384825752114065
0x4954c56c0fda0a30fb88c85a82aa6b3faadc5d1c,5.32786904020587
0x408e23375791525f5e99caffc892f2acec77b559,0.0511580897783723
0x41d0fb81f19f67b15cf71f4a3997f08321a614f6,0.0497336212318524
0x69a61b480fcca4db3da307bdd238a747bd6411bd,0.0146067748851465
0x13d6276922ffe432f48d70122d19886433fe825f,0.0485270439853816
0x9bac705cdae792cb21fb21ca6439703195d56733,0.000831110781636709
0xd9ae0cfbaba4ca15dedc5b6aa4791a021e6e44b2,0.121793902194063
0xc1d90c0a2d1ab8b58702f2faea4701f00ac505d0,126.427744673978
0x2175f92208bdd3d2bf467d2f2c259a3fd92ff202,0.0884957543291874
0xc8f9c074cbd381a46d7363009ddd09e76ef6f025,4.6924608146934
0x5d333cc10816a8764e8e40979de3e03c293f3cab,0.193965126503948
0xd42faf5ebf77bab9ce80059e9b5b3dfad45fd31b,0.0129571923570181
0x47392991943ede7f331c57090f80cad158520bc6,0.00642076670764445
0x505cfea620d85208910236bfab2b6edc6dbbd033,0.0888983633718047
0x0cdcab94fdc1cfc8a55a3566817e8803720a372a,0.355275721725057
0xd72ed91f995327491d08ccfb270e3f0558ffea49,0.134220897128948
0xc450c638cfbfe01ddc4d09f0c6bd0b76f56dadf5,0.0446399251488755
0x16b0d8a660175e18bcac0be2d2559c7f5041c9da,0.218213303698848
0x90602b6eb6a78b38d1085023efdad776984a82b2,0.222126781774624
0xd874387ebb001a6b0bea98072f8de05f8965e51e,0.00299529244191017
0x7908574978ce38fb2d7cb33f7e903b7ecd7d41c1,0.0407393944614102
0x6f07ef10ed3cb43a7885839457aebdb4740dbf1b,0.135126182440499
0x1870b09d017978cf93cbd0610dc9ffa19fd9114b,0.0438030977024011
0x1e3148ffe875a1949437a6cefc55e915bca99218,0.719026229931414
0x2ba692603ebbbf7819ddc0804bc7022f815d9b45,0.0185483250029873
0x4eee6c34153d456bda0ec6649b110bdc0118a1d0,0.0143836339025032
0x24d710163b445e5b3c1b6aa239c6cc4696cc2b5d,0.201811969053368
0xc96fddf685ca33d682f6faf8f5cd8a5bc50d637a,0.138214136650423
0x51e1db8638b493bc54e86d9856a37a45469f8310,0.00354458321629595
0x51d605a2f6ee11adebb4fd5b3d355b2e718bd310,0.0500524320193726
0x058b7ae6b79a769d365eb52883369b6fda899ec5,0.041064929710559
0xf18adf71266411ff39ffc268843c9a64b3292d86,0.0706927127334824
0x487f34f880dec4cc58663637274829f778a3bb07,0.348848570855752
0x2bc1c074263f7782a7cbb456612e4236836ffd71,1.0023079793069
0xbe06db455b83f3fe6cc00c581671f774db15b539,0.120218270397087
0x33a4c7008fb5e8eb177ee774f503041de1cd7eab,0.010036335552303
0xf275cb38d531692827764795c05dcde2ff18c03c,0.0250989494784706
0x6b11abb7cf66bf62e01987fae556e1b94a1a3998,1.85052892664616
0x46aafae06c3e1df6cd7dd5898399bfdd178ffb01,0.0502190463592117
0x530115e78f7bc2fe235666651f9113db9cece5a2,1.58044132991498
0x2f07b3abe706adf27d38c80855ce2ff0d7650ae6,0.00658346959867479
0xd61344694d149ccc9a9400082a7b8f6af8f59909,0.000974725566664367
0x89da30b43182584ad8803bf9e7293e5d415c4bf1,0.0201365764631463
0xe17c25e62ca2a58052ed020ea063aef71f2df679,0.0281232128011766
0xa28a52d2f1f8b2e67028eaf872b954817a1db97b,0.210748817949769
0xd03fa807537466f20ab295788d25574e748d35d6,0.0121468807198955
0x77e4f9d43a48849f7054da5bbd844848ef1d65d8,0.0408622531240336
0x65e8a23c41305fd41751c7cafa3b0eb78445a319,0.0047324366337246
0x1df8c901008e57be1bbe9ca511c80e3970b006aa,0.00023990245387155
0xe62dcf9855c67df66685022539c09ee3b7841bad,0.758657379183146
0x71c38305448e21f9ca3ed8d89e8ad38dd0ea244f,0.148129010985919
0x5b1aa687371f5f34600a4899918723d26d8521c6,0.0244953267994487
0xf6a863fd6344f245ef686beb8d16b1e81391d6da,0.0170710114172931
0xde9339f27fed029767b8a243fd2fe79d5e715779,0.120231311388313
0xeb7989a7c04b70cea2bef6c2160ab7afca2a0d98,2.66215322454641
0xa5c2ff9281fdc32bfcbb8b543960597ac6d44b49,0.00440514246530619
0xa11a5c4a5a2238328b4502cc09f30012e9a67019,0.183637743536317
0xcd5030a9dac6e25a343f4533b52bfe8cc2821cb5,0.015295324262489
0xb1a82770deeee5e08c34d1d607102562da8e8642,0.030005432029475
0x71d313554516b05bf142ebe398aa522296d9c2ed,0.0563810243018182
0x64b238b98c80c7f9bd598c308d46c69407227cd2,0.0176322668715449
0x6924ba345ccd006c35fbe493663ed0a04cb7d712,0.0365072841815444
0x9453b937e534fdc7a692dc62ebcb09a588beb1d8,0.0593543229505707
0xec254a17632aff136667b94b373e851f3b13bcca,0.446978072098342
0x0d8f2139e546c7df86ccba74edc3554dfcf00eec,0.038369170382235
0x5b96bc3f23c76e11e00a52a1dc62383022c679b8,0.709908496027336
0x6ad120d10653c3086374500947116724d232efff,0.117348736492571
0x4b3c53808f7f2874e02d65013493a7c86bfbfca4,0.000882203666661066
0xde86c5dab71b55605ac8e96d2b7bf961502cc82d,0.00322307345956081
0x869cca8b136489a6f50b459a133b8b23259689fd,0.00468680255313263
0x3c59e21f8481f9819e97a136d50f56ab17a2faad,0.00479278308112429
0xc7d85b84ec32396be3e3583b804947dbda9372ca,0.00165084035663934
0x22018545ccae6a23c9b3840f1c2f02891b11e62f,0.0440777280357267
0x992cfa6669c3dab751eb1b9e2cb6cf9cee2f7a8b,0.455998307396306
0xcd32c260d6206475a425e251b7fb94985eb35cc4,0.0614081161396396
0xfdcbf476b286796706e273f86ac51163da737fa8,0.000622005543386691
0x8843b6e2bb43a2be36d0038dbd26ecf4882176c0,0.019189440170349
0x9a80ec4259baf2d62ba5cdea03049f0cc53244a0,0.954918761849849
0x2f2897f730e8502a166785752cca06dee693ffec,0.0039359102138104
0x53c90e559e405a542ceabf4e08d9df3bf7b80bdb,2.95122053189934
0x205127eacd90afd1ae7907d24b700f719ecad5a2,3.02838399084218
0xc59fa60ac815c9deb74fd68e285ab5fa6b749bac,3.59114155170343
0xd9a35e0180430db56b95896f55cd7332a6fc0daf,3.86274233481434
0x08e305f123faff04a6a24243f47984a7a9702417,0.199234363318857
0x31c410962b1d01a7b2a32754b2951bb9117b1a78,0.0243408925265629
0xf18ce7d97f001370925258513cf0f9ba60fcff5d,0.0190482368785856
0xacce54f9e33755942e7748801c3bd841c2b58ebb,0.0472607783316677
0xe6a99677cee43fa29ada4354c29041b33535a9b6,0.00423893963185992
0x409df57fb8d90230c82b44235685f94996739d93,0.132072890271087
0xb706f7239308af575427f0ba8cb3187c05d02b35,0.254570386111798
0x95e361ddbf66534a8c5ef6366f5dd79a69670dd4,0.159284286728799
0x6f8f7d98269fbe659a2edef3b90bc9583b9a411a,2.17328173415755
0x83301df269c151a2d7563dbcdf59cb66a94387fd,0.071422800577763
0x65232dde4287216982a69fd262dc4bff2070bbf3,0.0661538669343645
0x498eb63e947be801c46685453849e1890a781385,3.05381422043091
0xf0af35a908c7b3021af0cd98f898d2bf144c102b,0.100820046816246
0xc057e268c15978bb0a386bf46bf9971b2f8522aa,0.104699625832474
0xf309299a2cc722df850d51621d0bcbd31f850d85,0.283895244291896
0xabd1782ff86a1b71f384a69e7bf516a5a24488d6,0.0466392127856396
0xfe80bf69fe77fe98ba7002c2f17702929be74d97,0.0818703851428865
0x229aa551698bb732b22b6f772a4790c318c9d005,0.346717165195825
0x7abe966de8bd424148c1ae6fb3fb95f82513de88,0.00983794970749446
0x6a4e81b4336ada84f57891d654bbc50444260dcb,0.0811373269434298
0x76de6eb5c54a39334b08cf5b05067b40c57d7908,1.52919684785035
0x932544234de921dfc55be829bba2fe2c012ac50a,0.0252926795058107
0xd6551b6e3198e407ae2f60a2318a63c9dbf1bc99,0.104571408379591
0xad96bf468b8697bc16ea083f884cba1dad59f583,0.0180652709036284
0xb728311c5557f82050cda1bbe98dff6595be969a,0.257689337817661
0x7953bb4afa683c36396bee7dd7d3647cf640b0d2,1.37642926105811
0x690d2a3398f230261c34670fbf9782e709112da4,0.0419954497110029
0x9fb7b31eb3aabd3d8cea4ffa33e194431cc7d5cc,0.537161222401871
0xfd4299cd1a8e279a7d87ec7383777018f40b5239,0.0682095710985681
0x80313dabc61c526c8e946b6364d95e8cd541660f,0.0975441297088127
0xf5ae09413941aa09c211ad7a745df4864151336d,0.279805941691726
0x7b9b0aa74d322f620a1bf9d4255557c079cd4152,3.74559770176381
0x8bc609a5ad3e1ef2d10dd1075457217c2f2a6d66,144.079708678492
0x57491338e4caef0d414c1de396686ee5ca145f8a,1.21611882670698
0x600c3469ec979c04dfcf6b1589a54fad37a070af,0.0114560006197167
0xa3f181996780237a10a64057cb760e755fe917d3,0.343714695822908
0x9354ad87a5ebd306221122dcf6e76ef530d2b43a,0.472001360560217
0x17805d5714cfa924ec8211e5e4c2b778272ee534,0.0144084382888199
0x63a1fdd793a96c772ab9bc225224454550295c5c,0.178205092192587
0xa12ae3ebf9a3ebbeb0fa77d56848209ced868f60,0.0518586097362731
0x180d1994a0d0ce7c3f1490cf901133c2623f57cc,3.64652961031511
0xef5bad176fb6319395e74b6e74caf43b0f5a613b,0.769218077154589
0x895d5800a8596ac015a9cc10cb0601977d37912b,0.000628813498236772
0x8a1d7fddd2f4bf07be21d47fdbffcaee7e4fe481,0.11911596446484
0xdd1cccc9f2fe0ed62459bcdf4594da27ecfc93cd,0.88424392107147
0xb178cc98c310d085ca636639d53b57ab12f710a1,0.969240812831089
0xbbfd3fc1402963f61191190401e76957c6e02e83,8.230564623E-08
0x0ab919b7206a5ce67b807ead8cd40c67592b44f4,0.130492868528595
0x51233b0200cc5061309a6fcc9383f6e638907ffb,0.0705026074743254
0x8568d25d37fb1b1fb433d23b9e1d251ef54af7e2,0.0836451426091537
0x70044e640d79c022020849811aecd7c8a878eab8,3.49107811491902
0x50c72ebdee892b68de05062d7e8ea339aa362d96,0.0167779497896642
0x3023dc00fa81961b0b0204a21cc698011cb0882b,0.91926400240306
0x991ecd00420c9f6cd15abd51aca88290a6f7ad34,3.5263232616138
0xed0f5c184146a1d7987e419a5b1399200ba65962,0.0625890426073027
0xcd6b2f67abc1f1a78941c486d319228c8ee2c8f2,0.872655062995799
0xcc285a78df677c44ed40cd3c662c3fba2aae880b,5.55248103577465
0xc38349d99f8e520a2c0de2227514601b56f2e497,0.246899904189843
0x2289b2377ebef97d37aa2b164acdd86c726d538d,0.116688123623182
0x9da0fdb7fd0438dc409452651dd6f203bacd2583,0.346513837846177
0x79882ab62bcef53e64315e83e61b928a6ad500b6,0.103724015294047
0xe95f03e4f8bca3a9756749b4bb39d74654953fed,70.1668867686599
0x3221e7d986e57ce2477b6aeaf70155668f4b63e3,0.0542263412064746
0x206e3b48ee29624725ac9a2878aba55431cd0112,0.317671519298428
0xcd49a73be4885acaf92a2a7a52d4c6ceace2ed19,0.468720056677511
0x034b2fd624f4895fc932ed31ed63d8be06b82c08,20.2353018931366
0x1c68cfcb8d95a0469b37127a64a42086e121dbd4,1.19740244828884
0x2f102897fa911f21c524688dbce6b496d941cf76,1.21873185176651
0xe80a6a7b4fdadf0aa59f3f669a8d394d1d4da86b,0.0677542295047695
0x4850cc4cffaefe922ed78bc463d1003a6fde5f94,0.0123166780663684
0x85de61f357bb78e610b4773dd4b87b5a1dc431be,0.00102501098566952
0x79e6733fd1ae5c6023df728f27171926adf3119c,0.0361220222106743
0x548478f3a2a41d0b1a6d9a17399c868524b4eb59,43.4909538133606
0x785f3c6ff6fa4624bdffade09175322d252850d1,0.0574928314696874
0xb96eae5ec9b149f99d02ea9c60767f9573c6d4c3,1.18497699044033
0x01464db4f0c4d596ffdecadb7418f7f2ab207d92,1.22999760317704
0x3cfc7090dcc28edbf37ac6cb0066136c03987004,21.7346894563259
0x93cca04413b6ae5c745c12cf819947122e3423de,116.917781245771
0x7f79075d7ac4347c6f404e843411fa6b91022fb2,0.258178945042162
0x2ffb04b0b10e9d9a80780250568b562d0239a2f9,0.0295103664815432
0x01ebce016681d076667bdb823ebe1f76830da6fa,0.000290240630640202
0x9d57718288320377e6fa22785c9b39bea37be17b,0.0090569203108061
0xa35726016d528430ad90b731fef438964ffa674f,0.00117058756490038
0x0db7e25eedf5aadcb7877ea694793066c99e93e4,0.0144147791421657
0x56e4eb37f68b71859b7609634e6e35ec21cda56e,0.0989441973102077
0x3fd74b11c0cb3ba28dc3203811378c6d84dcf4fb,28.1300790115027
0xeb7fb6094bb359f4784a161a2eac15ff4402d502,0.00394917886124434
0x3394e8355fb91dd62e2cf16e10bb120d7afc3f7c,0.622372538022962
0xdfcec744c8417d2a0ef72fe520438dd20f368369,0.000753570492005641
0xee4949623a581fb8c804ca8376cbd396262b5cbe,0.869978012514342
0x00fa93a581bcccaad6728ac99231170546dea9e6,0.0123750587763168
0x4b263c4755944ab94c0b8d856c11fc77b6c92bc0,0.00434921716434812
0x7d82f4f8341f23345c69fa0a9c8302d2a323a2f5,0.0947211736277024
0x113e105a66a07bf717df719f2c3f2487b7bc46b5,0.126937004320207
0x0f3944ee4713913bcd3e35cd674e6ad49b7a2161,0.0936831281251189
0x4de4be44a711fc4d1098b86d3ccc354d5e74eea9,0.0121279193628637
0xea88145aaa631db292aa0c18cf9935feb1a4fb56,0.327807127611604
0x04f34aafd1cb080f5ad336532223c3a058b3f0b6,0.0995589338638918
0xd3b638a83089696c6a0fa4bc31d88937c2c471b8,0.1521973806081
0x5bed699eacb5f208b1df7c0615f54efce5999cc2,7.44971765802302
0x0aebdf306b7f690be3b0dc404dce7ddddeb3901d,0.26065674368322
0xd129fa4332c5ab0718a0d30d412b918382401bfe,0.320638422426842
0x84886ef87cdf0b14a67bfb6ccc96c78d7a6af499,2.21647314124595
0x708c5185e91cafefb050bf696ffd35dec08bacdd,0.182193287379612
0x3aba956f1782d08413e3bce94bd29644f9f27e73,0.000376831466959487
0xb514ad9e75afeb9c22775371de3cbbcfab4a52af,0.280392910911006
0x0e4f43b08d1a575060cb361fe8e11abd8b30ddc8,0.032468500584102
0xa92a34360ff605a7012e946e148b86cf0923eab2,1.41353065005484
0x010da8c4a13693df76733fb993aa438e63bcf243,0.0899565097038998
0x770788f9c7cb5d51e1c8b22f175e0b225208a125,0.0435102342790843
0x9a5e4ecf31879a2c2f07cee4c660906e6df8e54d,0.00185780137999208
0x41bd1bc7e4220133fd5d8a002d76b38510ee18ea,0.659029977028357
0xc7d4ace96c103a54d639c28cddc0f388ec40f42e,0.136085166347184
0x8feb4bd3195ada1750d4a2321af8f6a1121017c6,0.31315518983639
0x000823db10fdbd0693d22eb30ac919503f7db765,0.472987810950361
0x93fd02e84dc6911e6178b71aa46bd0b5eb73bc12,0.593270835563137
0xfc6de95c9b05e88fc1c645cd5f567e789dcfb614,11.1540263085091
0xc03876ddf9fbdc47ae66bc4c7a639f0d78d90904,0.0243439554914077
0x7abf0455aad4fcca29d4ceab525ba06e2431a544,2.25157693329971
0x7bbcd348b8c5df9cef2e142196d65adaf7e13895,0.0752570078672985
0x4d07cc54d32c87e5c8ee567bbaf610be76db9409,0.0384887669650026
0xee39a5a84dda43de5c7f84f1a478f744e6b30af2,0.00324395430507282
0x26a58511ec75b157827eaa91ba3003d9b5de49cf,0.00459786318861739
0xf46552655f66315e6c33180de331df26a82ebade,0.0190641239292206
0x7c8da84c4a4b4ba9bdad65332c6fd46bbb04b884,4.9556141408241E-05
0xad5adbe0d725feb2f77764ebc3d687a471ed2e21,0.002167749
0xea5a4fe47027816b151f7d6dcbad75bdf4ee24b4,0.0254064406705791
0x37b38e2a8dbabe6fd34e65486af2fe37e46c86d3,0.0926797913702795
0x942e805a47386db9788333a8ab160607f8dc1da7,2.54655555841339
0x54359737bed702f3b60c4196d6d66444cf30e82d,0.0607973743232173
0xcc79aaa44b6d84a7778fd44898e794c1c43765f3,0.101869017485857
0xc4ed1cacf39ae3c89833535804a7b9c62a6f4985,0.00785475157475445
0x747adc72d9783754a25e5f3c888219b715841f47,2.65579757846398
0xcb16f82e5949975f9cf229c91c3a6d43e3b32a9e,57.7420056786441
0xbc3b3b4eb89588c19b19471ba06de22a30f2cb52,0.677361757138435
0xa96da267c3c3314738fc353cc4c3773ba5bd09b2,0.463420102487064
0x79aeab0d043f4086f6b57f35054fd8ce32995e94,0.411278847539475
0x02c52eb62d6eb5e3b102244c4962ae861e235151,0.00333609267343793
0x843988f65c0004b1e7de4f1fd1d255b0fe4a883e,12.0734801939044
0x52a92cb6ade05dc9dd9cf8724c6876aaff54285c,0.0903150780687971
0x96662e1890a6b0a2aa08115d31255dc1d1f8eb6d,0.0607874093588182
0xefc194772a4bdbcdc5871a56e5a86dcfec845788,46.4123070789424
0x168451cba600cedf0b815b6a917d4030b527c69d,12.516889918921
0x8b09fb4de69f4fc996effebc9d63c03ef8e0e7b1,0.0541141204066764
0x5a14e16fbef16307638e30615d3e33e56d1fc104,0.0222497498372394
0x240df0da944c11428eb9f8ad197cc211fd8d82ef,0.00160397714431184
0xb8ff75d546979f58465adfdf9c1832e92fc40b95,1.42691913089602
0x26804b965ca504270a70b0143d59e30d04d0d348,0.0109307632158996
0x7ad74c42e5fa1aa25f84583459d0aa489a5de271,0.0343155105493464
0x34277d9b97451a36dbb806e2b7f50fc877b0b726,0.000804659178423838
0x943e7127c6c5860f11eb76d466cf32f66a45d683,0.00796417657250641
0xa98eb7a31f2454b1cd3b2a0706e27771e205a5a6,0.180117964111356
0xfee99c8d863457db7291eff7c6189b1badaaf383,0.760048047509261
0xbe9b268ad415ac88bbdb40ff25c0e1bb989ef5d4,0.393077404322756
0x8250fd90c0efb1d1fb2e72e526064a93cfa17b25,0.0205069229596005
0xeefd6537adbda7b1a9da3f6607dda26b048489c2,2.29768544294616
0xec28315d96b0b59ad1998b6cc840ada4ccd68866,0.0719245652125881
0x9f029b71f7396b8f6ef226a9cf83ede482df06f1,0.0876154646509649
0x9208ccd9017e05b60a1fc0c609be04797bd15604,0.0127996870872897
0xe79bf042a5fd81164e9fbedf4f1a20bce2a55371,0.00235509613515993
0xc407e78a400247bcf9c91f0850bf5f915145d7a5,0.00562690273253938
0x98a78ea3c7a8c8602513e4f96cd1ae0b6364f4a3,1209.39426757249
0x68dda61fb96926bc16553fec1f95aa7967ea9852,0.114142226932768
0x9ff860e28f213fbc64c815e939f056adc083970f,95.4015333452931
0xc29fc038cd055842d466281f609c319bde595017,1.42115944183603
0xc34473421ae25e54e93f9045a6a889bddaf23813,0.111353279933947
0x3bdd8386ddbfbab54b234ca09ed471e1c3c59be2,0.103393211019422
0x6cb49b7688a91f319ad266b3be8577490baff056,0.059016445831882
0x8ff89ff6c8d9f720ccd9cffcce52be6af85dcb98,0.0480362096199741
0x3ebc4b77712d7de9574ef2a98bbae94cb1ebcd08,0.11078829092732
0x68b7fb0be99a826e3a08ca23b1e0114e4d922b3a,0.304977880011467
0x9996ebde659bfb68589fa79adb23e056b0737512,360.989130550086
0xe996afb92e2a6aabb3588c4bc13efc68ea95d512,0.0763325779471614
0xa85592ab8bb499673eebaa3c0064a7e596542a4b,0.519389341903181
0xfdbd731e3533849f58bf38956e0d3937674f239a,0.35933506526385
0xb2b483eb632889873d3e8303fd60592e6c972f2b,0.0628064321399074
0x314f874abca81276fba89cfa466c4d29edfcf738,0.0977486196393668
0x30920e41cb9afc819134952074a341fca509ecf7,0.00860292874415622
0xff647ac5c5597b4d556297851489e60ddfbf4bdd,1.1249194644747
0x809f771e81441352401b4e294ac84e728c38fccc,0.0771525719268898
0xeae9fed78b7e616b8a9802ab50a4467fc9570341,12.7772406845643
0x3ef9be777a421a2f9cb3258054169b4e1851f93a,1.90236191351074
0xc01551f3ee47f91501b11ededb42cbcb13ff2ace,0.0608299816759815
0x0634cac0b7c2e11167a3ccb3febfb311ff56c30b,0.0679870475604727
0xe203172e9c4f3fd8c2f60a09177b45c7bff0dd46,0.307114251027488
0xf6c548a476bab33c0fb5a9d75777bb895b94e667,0.124180680451231
0xc4417f80695f9198d91b233f707eb73bad529497,0.439570058280609
0x0dc93ce070948715307e959a5be42d13d59ed055,0.248084728960051
0x2e3d26c9e6c7080aa98f2ee011701252557f18d9,0.0327513241263566
0xdf96c513af0fe47bd9b7c6f0f14973637bec41a0,0.0429943845314145
0x742fc69d89c5bfe5ef59e2b42e8cf0a795090368,75.2913529068006
0x28458788fb965bcac5f0df629916a3735112dac6,5.48146994806443
0x768bffa571bae4484eff593648ec2a1b58ec7ea7,0.248179398908136
0xa7edaad0e93a449f16b9bfc35c50caf7a9adc16f,0.399954159460134
0xec14bcdaa994a0f77e263b0f5cc9c0969f4d55ff,0.00838028940577163
0x635096a7509a5f294eb943d3029a83e2d6949bb2,0.616627709458571
0x5bd4ae7878520df0432701c03a5e3fc46facb10e,0.0861851793909082
0x3f2aaaddbb0e6ee373da55f720ad3c79a7f5f2a0,0.866055492075284
0x01c7602892dda14261fdd4ae9c6b590ae65d3256,0.859167894785823
0xe75662a74e06c44d77afcc2b018922fcb315f42c,0.43750577199713
0x97b342386b4291d22f5bf573715bdc23d38b173f,1.42429688360138
0x62e6e8e24faa6c6ff498513ccad124e9b78e190f,1.45743572792409
0x84213924548e61a9a79da27adb679ff94989acab,0.179768615056061
0xd04341b106cc49cf31b9007cd671b1ffe7d7530f,6.82161782472681
0x8c592af43a6241f4e4bba8ef1af725396734d328,0.0764945562695386
0xb2845259aa73514cdad1fb67acc7e12c200e5fd1,17.1477618257063
0x28e9d047e87c6a7982437f8a4ffb7b69d0a8ba0a,4.6038612462495
0xb4e035dfed65a3c967611c2fd7230603585a3c0b,0.260376014418745
0x0bf6a86f306d7a23d206c8c9880371c829408f9d,0.647840016006423
0xf4028157d95b120bbc10e00b2e8fc6d0ee2fb913,6.38E-16
0x4f87a5e57097937489b9b628d1b71997fbf734f0,0.000168598868740443
0x808cb0d803ee23c476e0248a54a7f9ecd00571d2,0.868426328712364
0x5cd631f32f5eb1044840ad65ffafa9f531ef96bf,0.634961465023288
0x64c4d817a4b47223aef0ea6ca09e0f8b8dd6da37,2.32224600815452
0x2f877f1da6c605cf6a45f25b70fbf71249cde1b1,0.276797496806493
0x6af2f265c9b860c6aa92aeb6656849f7b7f27ea8,0.835729171928745
0x8e81e45a65ce74b007691ecf3205b78e0c806e1b,0.0532757764776708
0xad32bc446cc906bfd5f74914f5bd9cbd1443bcd6,29.451858347062
0x1680bdb65b09759b36e0320ef8a1f6f658c056c1,2.30371640978906
0x4bb9d3b5132f0a34d0f1689db87bd937eb95c4b5,1.207261611172
0xfe76e8c6b4cf4ac5b1718ba6ab301acd95cc6f34,22.3086480290641
0x0ae57350662045c32b34f3b1e70c36e4ef1502e2,0.160778377977775
0xb4ce0c954bb129d8039230f701bb6503dca1ee8c,17.3140457865013
0xc92b444e0bc428459fda180d71058164fd5e0e10,0.000232145834647103
0x5f86b149b2f2e51911e3cd719f34eba439d2da5a,0.016027640240842
0x63a443978c8453e7cc82aa43fb4da1ed0575fe72,0.0317148881434179
0xc32854e0c1a5cab44bc7dab3c9ac5c1f21c45e03,0.839367608140951
0x1fa6c1b81e7592e41ecca10f6c45c08107504552,1.13547508823638
0xc341b7fea02651255fa1ac467be3725420cd9d74,0.131184843650696
0x0c4e11942715bd67afa0a77329d7acb3b89f0418,0.0095368404644927
0x23c25f9733eae2f63678c71ab5fe0630e0342c29,0.00256438231407895
0x9bbdc200e827a330cb374c475c1f0dc7c132036f,0.439935062423604
0x487d74d55b497a169aa5a1b572410d19d9a57601,0.510997021690675
0xa93ceb7bf62d4b2a38dbbead309668f3bd98b247,0.47668139198398
0x70c9666b338795ddab8f4bd67f580b1d9234b8dc,8.49402163725971
0xd891aaaba96ad0f5c70d7d9d276a76a329add0be,0.497488253136775
0xb2bc958e9105ccf868810965bca5a4b1656eedbc,1.01144485736425
0x0cc2a38fbbc2b67c5472600b3c363a0ace5091d6,1.12351179085919
0x18cb3323da4f502a6b034964b62b063519aace59,2.02
0x35dbaf8aba2fc63a9250dfaf5754b512e37c73d7,0.852607500752513
0x6ee5751f83b006d674e1c98533dec4142bbea222,0.0874104766350413
0x1e8c1202fff8078e3add78c7d86466ef0f1fdb36,0.0304773554267613
0xa8f30bd1165057f81c7b6629e2501e428f4691f2,0.00222285345207333
0x3a3f2faa9825c3ed4829b467d360595089ba592a,0.0285088633665608
0xe145de979b48984befc87f442b3660ff59975c1b,0.000630660171972126
0xee4296d7f06fe5bcc401da09682e5816edebcd72,0.211438022361386
0x795ef448bc0ee036f8ae213f629ad439e9558254,1.86749906992351
0xc074887d140e276a8b892222f925440eaf3ff40b,0.654619861967876
0xc4b61a2d63ab201681cf8654a1a80aa606a12a46,0.00688729557250163
0x74cd2748a5e1c1442f05dae6124285fcec7092b0,0.00852065227431492
0xfcd2717cf3b29e100c357e983d732bf90941769a,1.07663781514638
0xe10f521a84bd7e949a012b812d060fe5fb2c3dc8,1.79161413279492
0xb323d1e1e1da6ce5c7e01a018bf2a43a42a9af35,0.179041650618995
0xb5003c19bc7462e133e929d7a3170098930c150c,0.8518023981502
0x8f69b0f94523ac62b148e3b95d4d0886b7dac5d7,0.420626258222674
0x3b7b195568237c2a0635435c9fc3e67c2d7bf363,0.867675448797058
0x2db9e2efd66d7eee58132b1154b674e5204b9d50,0.106118262835901
0x0cfc989e12c4d7bd36c573698d451a0680e5ca8d,0.746829770786082
0x2bfdc33bd2183c0000abc626d7fee11d92fe044e,0.22288358134128
0xd950de445501a97f7f15f50135e495c61837775e,0.307466831365054
0xa96dfd5942c1d8c39f0e08b2bc055f412950e828,0.103589342873491
0xb1f823f3491af528906ca22310ecee3e0eee8953,0.0812849968937018
0x6a1afc8a229d820015361da64819e64e6a0258f9,1.24492517984372
0xc256af132ae488ff25b8d80d459600ae3ed87d83,0.170111539904743
0x3bb3384e2dbd32bb1f090604002a66838471d893,0.839013068504164
0xf887bd34d36c60b76d461b064c1fe247206f275b,82.3872937535285
0x225509847509f66c9bd49cda9714f481a3a6200e,0.14447449786298
0x7cc1a622fecead4a1c9939031a262858bbcab0ed,0.217987621701908
0xf98f8c1d75b23982aced2ea2aca781d75f946b1d,0.637836384570915
0x2024dd51e1f967b8a748f024054805d9894feb36,0.581707741155498
0x5d5d0fb2c33b87ff1a0b24b7e5bc93ffaa2a9ce0,0.704415898999404
0x902e46967f2b765fb6dc2c1295aff51a27cd49e7,0.152014830629987
0x84740a40c8d036a5aa8d81d4007f81c8a791ca51,0.206247973473725
0x86c7e05b935ec835610531ae5c716e081fabc828,0.000163312026802092
0x78965cecb4696165b374fea43bac3029006dec2c,0.0316069519093758
0xa0cd89ebdd3c422925696bb1baefb6c3ed21d8f1,7.38862430688319
0x82e1bd95f10d69049e91cb3260c1d41a0d30b01e,0.0200403113530016
0x60c92e245e2bb56b12d9ccf52398e4b79ff71dab,0.0726408522114367
0x236f211dd3cbd4aa2bf9b8e566c32f49b5c9b1d5,0.37408
0xbb9480fdb174063a2dedf31b50a4f06ae13ed964,0.847974102687009
0x225be745f5298eb52e76d35ac99218d909d0a6e1,0.00708566547590603
0x4262f6885a33cc43051f1eae618a82b59cce5790,2.135476504706E-06
0x97ae7a086f82a849230d0416c8676e9cb2dd0f7d,0.0809852905342661
0x7f748cdacd7eb1d3e48a0f2118cb45cf95d18b5f,0.25942761442332
0x2c67f96907a582d0f9bd64c1d8200a898e603b93,6.5562042814919E-05
0xd78279fa70b8e32e124dbd0003de58d77326aa65,0.116116695207302
0xc47919bbf3276a416ec34ffe097de3c1d0b7f1cd,3.81764512046391
0x09986e6acf22bdbaaed0fdb1c9c307ddae35feab,0.122714176670903
0x840647cb127112d0edb9e6c3ce8e0c083b99516a,0.853801292888895
0x0198cc71f99ec29887e7e97846904026c9c35fd2,0.599569193694132
0xae8e714f83aaa70a604851b943bdf269e653cb95,0.00104422557728134
0xac82362174a32fbbad61efcb0f02b9016b20c768,0.423392316933447
0xa2f7cef1802b8d4247c5c8eb303c2ead6a54f5be,0.0107668531807097
0x9a203f474348841bd10524e77ba330d07dc9e37e,3.780321002505E-05
0x70044a9522e62a51818957c61740e6e3de473a22,0.135044634455293
0x582a4e7db3944bacf5b82e709f5e3c68b71e6383,0.436668182295216
0x3345908de481886dcd33c3c73585010fa2dfbbc1,1.94557491649566
0x5c48b02fa83fd5de17a778582746c6897e8f427a,0.128301662322095
0x0392dd806cc3e3097b705d5925fa921c9a2447c9,0.0221717985229531
0x7351cf98a0f905e413a16fac407f3efffec218eb,0.578949000012662
0xa02a1b6cdb290720596dae852b70cb231d1afe93,3.37543246474436
0x174b36446429b01b0f5f87d72bbe1093d19729f5,0.03962279666498
0xcf52adb4de42854545ecf35f40e0f04e37365082,1.71297998064279
0x12eb2270c193ddc890350015bcadec414282383b,0.00586003085639492
0x7db871145cddc4e27dee7d303b01681423c0aa2d,23.6960475135179
0x4b0dc6c8ba291067732a1c4e007eb3fb335126dd,0.00758859442392105
0x71c8beca8319f6b1122505b76276c5e1631d8e3b,0.85209630260327
0xc93028eb06b02c90bea187456bc2e2f3431d10ac,1.78031411118642
0xfce4a14c5168828de791b561ce5f6d1dd0f1b9ef,3.12005008260617
0x5dae98f4f79c1a09e7e954d73a9733a4700930c3,0.0980830756442563
0xe3ee45096076bb2d12dfe7840ce701e133d32113,0.827697540879321
0x7a631058234add48625dea00af7c3b838465d89a,1.09002240242544
0x2f99c4650818a07687764e1a0e8c0027228ae651,0.2080852231574
0x9f8fe303110f6d306d89c8a70be8ec2df6e6931b,0.202488526939281
0x865b59fee0fd5230bed5cf9d0a15151c21bf0499,1.24556959306619
0x1f36435680cf80b13fd003d3b9b30a4007fec12c,1.32106277722646
0x3dfd4e3d33004fab5b401d5ca30543cd4bd7016c,0.291777282748319
0x0d23b6ac4e64dd1324c5e18a1aea993ef6cc885a,0.00154371981161818
0xf0b1966e33fdac9350491c24c0c5d7a8f11bf06a,65.4729218477668
0xb2e4afece86ea04ec32ba49cdad24bf8602b1f5f,0.146893689451874
0x1f751b1da0e87b6372d7be92106b6239fa7efc60,0.843461608492783
0x67de2ca476b6cb686a2000f4808b60420e22c109,0.844048429050415
0xde46215e67d35972f4c880d59969dd08a4c9fa28,6.114764112983E-05
0x9506a251c8bbaff5e706df58fddf35447132d80f,3.16991975706477
0x0ed9aabdcfd0a73ed061851deff3c34cc8d6c171,0.000389031459427742
0x33bda086b03bed49c1fd8b93be84cb3613e6b6c7,0.00920013320231159
0x552008c0f6870c2f77e5cc1d2eb9bdff03e30ea0,0.000871201781016346
0x5c93b0579489ad6701a791f2d820b7d4f76306ae,5.97158244395069
0x8bcf390296e830b637d76c3deaaf3d40a20e4b67,1.82074263448803
0x3df83ec9d2b62bb9bb83eba1218a202564bb67da,0.845254067536229
0xd052d88578fb037c8449c4cbcee39d86ef1ba3f2,1.14540283430098
0xbebed2bd296c1557a338bf92639a1805e9dd1fce,0.912436404220756
0x354afc2ff28d1faa898294247a40f87de24c061a,2.91993502717482
0xbbef244de0b0a2d85a3b71fd685ee819e25fb620,0.926328834516597
0xa4a2701d385e7c3c99f1dac6da96c762f33b434b,0.0520456345500648
0x2813863fb414fb444a34c3a504440431bb268f3e,0.0125213528748105
0x2437db820de92d8dd64b524954fa0d160767c471,0.430467902587933
0xee7019a7ab4b854041c433d19d88494c969eec2f,1.54051649002729
0xd5acd2e7849beafbf26e93a6a13c49d907315d77,0.00120181434446361
0x9f72e16dcea2b72787246a3784ba6a2cf97f8ffc,0.454080351315416
0x0ac6368dfddc12af70455d63f83d1e9be76e4c85,0.320843587002325
0x7be48b7e69b51c8daafce350d17d02e38ab6cbe2,0.360332122086213
0x3f720c51b65e089944bef352500791ed6f2b48e6,0.921445698685947
0x568417c9e8ef3a53485b97a3a12a7f88b33b6ef4,1.5795891234905
0xbaec6e3a6615004fd8ef3f1a3a515baca1192eb6,0.352145231755463
0xfb2508a367cb370aafdde4ffd25b3f4d80c85381,0.841498082986164
0x7c2200a0f7e3213c3946ae9821a85b0541710d74,0.00458527189478864
0x78ad19c39be3f6bb38763d856493edca69969a48,0.00458476569025717
0xb43fe897eade03af5b99886b07ec99d18414df77,0.000883497963002076
0x49d33037fb37bd8f4a4817bf425540c2d5e4d30e,8.74483820733612
0x68388df45a7d2a765ca6b94aa264e722673841c1,1.69578106222578
0x7c792462350ef7e870da112fed29cca6fa4807f9,0.0818701548471644
0x5df178dce46e35ddd122f6cda1468a91ea819e67,0.00546771537908309
0xa6fd14713aa4c7d38db9ee12f4ee87ad80d3cdf4,0.170844418911664
0xbd71bd6d9e88ef20547c240ec3b77ccd046ce5ac,0.0181417768408882
0x9f08885c9e5f783c872eec3f1b87ec44dcd18da8,1.37639270341417
0x17bc3545f19a5656c8ff458de0006d39d242fd01,0.000346173300006235
0x60cc3e977378a3f880ff50ebd9404f0c14dab3b1,0.436195346570048
0xd84dee7039f1498163e8e56ff5c907d15c124bb8,1.67453460072196
0xa4bfc9c53ddbc2e1ec757347d9f3f26da104636d,0.613685394139261
0xf3e6159aea830d66fbe5564bf4dcf0cb7fb62c0d,0.405012979863356
0xcef85c6ecfbbb2061422f15757a2ba62a6bc97b6,2.00211640544868
0x4991b085c58cf04106d3f359de46f4cc6c1f9779,3.65414398496683
0x4b839e33728d03c55f7b8b345cdd28a5fe1782ea,0.459145506277321
0xd5d65d0efcb5132f098aa0a3d53294f1528a45eb,0.968287327406618
0xa3ff8b3ec606ae0c00676ec682d6afdc7d708312,0.208136873884276
0x78c42f3828a937122a710a868a634f9fa3d5959b,1.02731335874838
0xd0c3ede11d2373ef1e046f6e309c034f7e7dc6f5,0.209660696365877
0x01e22735075e1a15ae74375126d812dd890010e7,262.016288628131
0x009d1f1f33eb62ec0b48517903cee1a5e4b78303,0.00170120823060153
0x75c72c01f1ea661269ed8e01df79c222aba9ba51,3.83717211800796
0xd992b11d603130b5d18875cafa4ba812bef5baf8,0.518641112367195
0x26bf2a1433258eb23e65e3615c75c595f2d38d40,0.555762240411226
0x38048af4da7d79d2b553836a6d4950d0ac4b60f7,4.77152632654323
0xe82f40a5c8072c7f7ad9b25fe9ae5f74e2db1368,0.857886051736548
0x63dc100b74ec8d3501dc9a72492ae1ab3fc7c2fd,0.293651689287844
0xe9c9a7d4de1d567e863565ce20e3fa72ed9bc7d0,0.000863023300068651
0x504f2147bf5469ee753e08286d1ea422a5a042fb,0.218381295692043
0x5ffd0c22625bb308007eeca1b01166e9ffb8f751,0.845573186675508
0x1ddb4fa2eda70067dc66b5402152ace5c871815b,0.0102913768621792
0x2717e78c4879491d6d720a9646502bed86c4989a,1.34832040581941
0x47a372285eea19b815abc329f20af2637c845263,0.0690419646489007
0x6011403209c35ce90e1f576b80e1427359423e31,0.252682998811915
0xf5a0f94e00953e61acb1b97b8fcd0cad13dd8785,0.0340683051872375
0x869fa47a468911136055bfdea3c43fca9ae49c40,0.00349064554262896
0xa58a800ccbbf800329005041354f9217ca113d74,16.123660206427
0x7626f002aabc4bbd96505ff9537db75c82dd07dc,0.00920007107659835
0xeb2353929b13550ab840166e82dd03df01063da7,0.0213923916501772
0x6e6476646ee911e806f3e56bce0a0d55bd70afdb,0.285441134001503
0x830ad77c26c5e0fdbcd353ac338ec08053c1c02c,0.422922665007325
0xd1b9b17ba11655e5c81b09a81f381ca2b00a856e,0.16766168138534
0x2e8ae58ff924a29427c7ebfad1e9902d0616b62f,0.355462596921672
0x465bb47318f93c9166ff68eb9685429d2e6c13fd,0.122140047218123
0x4edb761453834f6cf408f124afee803478499e78,1.67743281730795
0x1b47df0dfc63ecc1e5c969a1164f4fa046c6f610,1.36614866785417
0x96c87f8250952bf03f0df6055b909a24f21fae30,0.218709837835381
0x33de7990eaf47429b7a2a90c28a0d9f7c2e6a0e6,3.9056485013387E-05
0xe569580b09bdf029baa7e491ffb2d2c7f85f7336,1.19335827650504
0x7518fa1bbd5a37cd4a523b74a431021beb48b050,0.000289312180238645
0xedffa6463a17adfd4976f24163cec132c7633db8,0.000585654431629186
0xd5cc9b8389cdd9691d6615ee0ea09f1c3d6ff896,0.234691158384361
0x8922c99060ddd3654274f92cb4b50b7ba66b1c29,0.20875143497633
0x4467f875fb558513c75a3607aa14e206db02cdcc,5.04973949415126
0x07650be74365a4298c90e91bdb9897058353cd4c,0.106379782976207
0xf85cbce2f34ccf3aa28566b7c4286e2300cd8d89,0.125705382433658
0x2bce363debd817e650fd379efe3df54e40b70440,0.00202294108830346
0x395fe3ff04d374fb07d7612151f37f8cb6273b90,23.3156954917001
0xe8ff6addf4babc84ced06116cf4c9592b6e7f04e,0.00234138956676909
0x031b61555efe0ab3a498134f24bfbd09fa14caca,0.0370198699338163
0xf9a5807e32a2c887259d365bff56f070a1d1083f,0.275346894974765
0xa4896bfa29a1e61b92bacf6eac6224cd887a909e,0.598073262275425
0x42b80e10f96947e517f9aed2d62746bd61031464,0.387181994297866
0xf4c9bd3b5f6c589b3a25f8f9d7aeb0aa81c5f4b3,8.4538711847217
0xa203e22b55047fa1e986832c6712bb5551adbfa7,0.420742182035188
0x3055d970653a2d1785a989d2699ea50c0c96f159,8.3160740901963E-05
0x55c07b1a076d65b435ecf42c13ce61786d3f9b22,1.09599929115775
0x58ffdaf6eee3b5a0cd02fd26306f9e6f578e01ab,1.41022321652742
0xa6ace33a2614e1b2c9436d2eab23d3de68661378,0.0123481819817777
0x19b7d298235627b9fef3334e304b89431eb11c64,0.0871532078690841
0x3b1482114705d2d0dfe98074e3fa56526b3141f0,3.85596580189508
0x1f2acc83db25fd2bba287bf4365ee479334354be,2.15797928057923
0x3548b010bed83f7e7e4f19511ac9057226f0c9a1,0.835883011471033
0x3d3ea7f9a9b09038c61bbfe33968ba1012f4d7a4,0.624243576598425
0xf042796752c2a2548a72f948031507a357a663fd,0.000248530668515671
0x00c6d212501fe3e3a8fc19871ff0ae46c342e5fd,4.21772807611398
0xa1000a1eefe6d89c5f0949e5709373afea9fe3e1,53.0979674207913
0xb5bfb68b2f40d211338bd5955e2733b9990ecdc9,2.88082792221062
0xd0c417aab37c6b3acf93da6036bfe29963c5b3d9,10.264762824718
0xa95656995348af2cdff52e0541a5df375fdd3a84,0.645671117226386
0xaccd246dc6a4313b0b53a75ce6a840f5c66c474e,0.274979654104333
0x16c742ff9506cd8b8833350798d6df215702b333,3.34799101193598
0x231e6b09a4249c9dde585d1d664bb95adc3fc6ae,91.7192745922451
0x1d66756449c7e7f8f8f0e4ea26c33b60516d7377,0.186306339318321
0xca09ce6dd0f2d3a1db133074aa4d39f5d423e9a3,54.30602578616
0xcc02114bdfbed1a6621245c8c858b7fa202099b5,0.00261928232777889
0xceffe24baee50f47bb8d331048c468540f64cc6c,3.3363624816757
0x584d3a979c7405b3ff867215bc9fb1b33a22f221,0.785775902479515
0x0c6e0ab5bdeb8c1240edf18c58181abbc4ba4a37,0.0318566652096867
0x2ef9ebf18c2108f2b8a8b01db5bd633f2ce202c6,0.646798399536281
0xfd80edd78756e71b65eecf1455a79f182a846d55,0.0775633410118107
0xc8f566901b02bf19154ce056977c814569693ee3,2.4936828237922
0x56cabd7de0e6afbbe594d1285fa3774ff1b88bdd,0.345894966122478
0x234d853e9464146cfb616e9effc81a6e2e100166,1.34285355233922
0x7f429edeff8afc7bb3a2cf7db832fc86f6fa99da,0.00231534430968337
0x8656a6d1735ceee95ce396be2ac530b0c59e4859,0.16085245568974
0xe09f8ec8fd095e3a2de52face7a1d69df4318102,8.3343373574158E-05
0x88fc9f5a55ce916a8f098404efbf550d66eb3edb,0.000869818833411015
0x0ee710199a53f5aa92487f9dacc3c8eff677e88a,0.00599084018481993
0x2766617225069ee1f5fc0733bda51d25186d296c,2.81067005916933
0x5c4c129f3f74c9da4bd41dec73f9ae58423ad5fe,1.75714617829372
0xa0f3bcc17f435fef64335c463f78d06c7d085cca,0.00135487459787074
0x93ad1f6630920cae11a405a6d09b2b6d0f94d55a,0.00209897380141983
0x991c4d7d1c194a6753799f788fa49218181ccffa,0.900496366111102
0xa07be4744faec9c69a92d654f5d2332fa73bb87c,6.88777356324484
0x1e342d8cd201ce9d9c14f3a015c8dae0f41e40fa,15.4938723940121
0x2791a675ceb3bebd97895c074b5ff57ab5f2aa0b,0.133005738748364
0x7e5ebefee9dc0ed1ce2a60d8d34ebb87c6834fe9,0.828830158260213
0xe023d9ead98a431a88e913629599884839cdf92f,1.47825819410365
0xdb6b6fc9386e5f4292ecf10929d125b9cd20179e,0.241907318742493
0x9a8e9cc0c5dba77ece2afd6f75330834962eac6a,0.222334569432435
0x6b6aba492e81359cc0630d2d1820fa698cda760c,0.919458929375776
0x9940ee03c07e26cb1390f9eeb0e203912417f79e,0.19631291086724
0x379f29c017ec33e145d1fe721971cc1b50a31253,0.00281552014797448
0x963e0ca0dc5306440473526875f820ae8293465e,0.0130251456315089
0x380ae4458617cafda21bf5cbf35b3da6bd9b7e99,0.000187116812336561
0x49bcf4aeeb5d7c7883215d78c3c05bd8ca8df216,0.0153291064431197
0x3ded20bc20ffbdcf97d77ed9011bde510f41cd25,1.30753301342916
0x9703d855d30b256bbd5d90c27386f8f1b8c5c8a2,0.000458313297115713
0x7fcab5695546042701c8c38e35c5961247e0f457,5.12283340371301
0xebd8cfdbba918b31b312de33605316520a9b7895,0.258006180771954
0xa274f4bb88a0bc689049a02b3738e6584fa4ac9c,2.70947295800453
0x018cab73a80baadd582fe1857d1447d8a46dc6f4,0.249472381582119
0x30a3ddd738b91cddfa3a4039cae505c7953a8f73,0.794123499509195
0xf2f2f61382749cdaa500c3cb8e2de43511aa9901,0.832103483842287
0x0c0e611a29b339d8c1048f2edf9d4160a5fb8f22,0.176395336606875
0xd2ce2670a6428c9ba41c2878a498a2a8c0c1748c,19.2282782610294
0xac2466e1d71f6c5d34ebdf20a511be05374ccf70,1.24054051680121
0x5d6ffc84309422fd8569aa92f7aaf92ca42e324e,0.0266177089995698
0x88a2cd766343514c74ec1b252164baf597d57230,1.304479189623
0xdca6143e849247df9d1a32264fe5108fe31ae878,0.0232536505030688
0xdcf2529321e23db29afa950841da74aeb4d993e3,42.1053293814538
0x27267f548a5934028c082ca67c99be0364d9cb6c,1.16121187789101
0xc0bc0de38e4136f9a2939903afa196b1aa83184c,0.0525287620685039
0x72e5f1b2d0a85c2c05a90b102b8e54b66ce3f022,0.992913600535492
0x55e5702275c007269cd1d47ff8cde28b2abe29cb,1.0934607072514
0x4c8f8089607ba1d370c7c62743a309bcb01d1eec,0.00903332405116544
0xd40515d9a6521b579491db5b4c295069f2049d40,0.00105787799538813
0xf993af0c195f9bdd4e1b1bfb3d8dc90149b3a02b,0.0719094676694026
0x7d568306e1157a92ea4e0d7774575b7e7e6f53b5,1.252780651E-08
0x9fd3fc10b9f084494ce5d3e31d5122fb57b9f5f8,6.68955088984533
0x2014a69fdf6964dfe12f8ffc9ac4361eb8d1759b,664.91578472252
0x85757453c2d8eff17e45c404b041122dea6fa003,0.47727362581674
0x039e8cb6cf84518696939ea80ff8e021b871fde9,0.00231925052611398
0x73288778b2f2c0a7d1a13305916bfe24ee134cce,6.27287045177871
0x86096eeeca8bd8a56b1bfadaf8cade090af7d7e2,0.13204242040683
0x7fe00a882b4ef0d8205b587725137b9b3bb7f0e2,0.366372726665495
0x8bb4ffb2a5a7785b003a639e13544b5e9b196508,5.81693955069751
0x94b32bdb9ff47f3239f04514bce862c7d95600ca,1.47616406152625
0xa7239faa09a5d5125fb6174fb6c22f92d4ab1abc,0.425961720810702
0x4275bda9709e948fec49c793fdb13d4a5788d9af,0.474108042281457
0x0fdb8289056e264782b5ee4273bc45cd3556b1a8,0.0252510578009072
